#
# A fatal error has been detected by the Java Runtime Environment:
#
#  EXCEPTION_IN_PAGE_ERROR (0xc0000006) at pc=0x00007fff912d132c, pid=13732, tid=14932
#
# JRE version: OpenJDK Runtime Environment (21.0.8) (build 21.0.8+-14196175-b1038.72)
# Java VM: OpenJDK 64-Bit Server VM (21.0.8+-14196175-b1038.72, mixed mode, tiered, compressed oops, compressed class ptrs, parallel gc, windows-amd64)
# Problematic frame:
# C  [jimage.dll+0x132c]
#
# No core dump will be written. Minidumps are not enabled by default on client versions of Windows
#
# If you would like to submit a bug report, please visit:
#   https://youtrack.jetbrains.com/issues/JBR
#

---------------  S U M M A R Y ------------

Command Line: --add-opens=java.base/java.lang=ALL-UNNAMED --add-opens=java.base/java.lang.invoke=ALL-UNNAMED --add-opens=java.base/java.util=ALL-UNNAMED --add-opens=java.prefs/java.util.prefs=ALL-UNNAMED --add-exports=jdk.compiler/com.sun.tools.javac.api=ALL-UNNAMED --add-exports=jdk.compiler/com.sun.tools.javac.util=ALL-UNNAMED --add-opens=java.base/java.nio.charset=ALL-UNNAMED --add-opens=java.base/java.net=ALL-UNNAMED --add-opens=java.base/java.util.concurrent=ALL-UNNAMED --add-opens=java.base/java.util.concurrent.atomic=ALL-UNNAMED --add-opens=java.xml/javax.xml.namespace=ALL-UNNAMED --add-opens=java.base/java.time=ALL-UNNAMED -XX:+UseParallelGC -Xmx4096m -Dfile.encoding=UTF-8 -Duser.country=RU -Duser.language=ru -Duser.variant -javaagent:C:\Users\User\.gradle\wrapper\dists\gradle-9.5.0-bin\bvnork1r7n8i6kp5cnkibsc9q\gradle-9.5.0\lib\agents\gradle-instrumentation-agent-9.5.0.jar org.gradle.launcher.daemon.bootstrap.GradleDaemon 9.5.0

Host: Intel(R) Core(TM) i7-7700 CPU @ 3.60GHz, 8 cores, 15G,  Windows 10 , 64 bit Build 19041 (10.0.19041.3636)
Time: Mon Aug 10 21:06:35 2026 elapsed time: 9.987985 seconds (0d 0h 0m 9s)

---------------  T H R E A D  ---------------

Current thread (0x00000257e11d8030):  JavaThread "Daemon worker"        [_thread_in_vm, id=14932, stack(0x000000f4b4b00000,0x000000f4b4c00000) (1024K)]

Stack: [0x000000f4b4b00000,0x000000f4b4c00000],  sp=0x000000f4b4bf7c50,  free space=991k
Native frames: (J=compiled Java code, j=interpreted, Vv=VM code, C=native code)
C  [jimage.dll+0x132c]
C  [jimage.dll+0x1e87]
C  [jimage.dll+0x1f1e]
C  [jimage.dll+0x265a]
V  [jvm.dll+0x21ee05]
V  [jvm.dll+0x21dc82]
V  [jvm.dll+0x7ddccc]
V  [jvm.dll+0x7ded62]
V  [jvm.dll+0x7df324]
V  [jvm.dll+0x7defb8]
V  [jvm.dll+0x26eadb]
V  [jvm.dll+0x3d88ae]
C  0x00000257c825925f

The last pc belongs to new (printed below).
Java frames: (J=compiled Java code, j=interpreted, Vv=VM code)
j  com.sun.org.apache.xerces.internal.impl.XMLEntityManager.createReader(Ljava/io/InputStream;Ljava/lang/String;Ljava/lang/Boolean;)Ljava/io/Reader;+252 java.xml@21.0.8
j  com.sun.org.apache.xerces.internal.impl.XMLEntityManager.setupCurrentEntity(ZLjava/lang/String;Lcom/sun/org/apache/xerces/internal/xni/parser/XMLInputSource;ZZ)Ljava/lang/String;+412 java.xml@21.0.8
j  com.sun.org.apache.xerces.internal.impl.XMLVersionDetector.determineDocVersion(Lcom/sun/org/apache/xerces/internal/xni/parser/XMLInputSource;)S+12 java.xml@21.0.8
j  com.sun.org.apache.xerces.internal.parsers.XML11Configuration.parse(Z)Z+43 java.xml@21.0.8
j  com.sun.org.apache.xerces.internal.parsers.XML11Configuration.parse(Lcom/sun/org/apache/xerces/internal/xni/parser/XMLInputSource;)V+30 java.xml@21.0.8
j  com.sun.org.apache.xerces.internal.parsers.XMLParser.parse(Lcom/sun/org/apache/xerces/internal/xni/parser/XMLInputSource;)V+76 java.xml@21.0.8
j  com.sun.org.apache.xerces.internal.parsers.AbstractSAXParser.parse(Lorg/xml/sax/InputSource;)V+44 java.xml@21.0.8
j  com.sun.org.apache.xerces.internal.jaxp.SAXParserImpl$JAXPSAXParser.parse(Lorg/xml/sax/InputSource;)V+53 java.xml@21.0.8
j  org.xml.sax.helpers.XMLFilterImpl.parse(Lorg/xml/sax/InputSource;)V+9 java.xml@21.0.8
j  com.sun.xml.bind.v2.runtime.unmarshaller.UnmarshallerImpl.unmarshal0(Lorg/xml/sax/XMLReader;Lorg/xml/sax/InputSource;Lcom/sun/xml/bind/v2/runtime/JaxBeanInfo;)Ljava/lang/Object;+31
j  com.sun.xml.bind.v2.runtime.unmarshaller.UnmarshallerImpl.unmarshal(Lorg/xml/sax/XMLReader;Lorg/xml/sax/InputSource;)Ljava/lang/Object;+4
j  javax.xml.bind.helpers.AbstractUnmarshallerImpl.unmarshal(Ljavax/xml/transform/sax/SAXSource;)Ljava/lang/Object;+20
j  javax.xml.bind.helpers.AbstractUnmarshallerImpl.unmarshal(Ljavax/xml/transform/Source;)Ljava/lang/Object;+31
j  com.android.repository.impl.meta.SchemaModuleUtil.unmarshal(Ljava/io/InputStream;Ljava/util/Collection;ZLcom/android/repository/api/ProgressIndicator;Ljava/lang/String;)Ljava/lang/Object;+24
j  com.android.build.gradle.internal.SdkParsingUtilsKt.parsePackage(Ljava/io/File;)Lcom/android/repository/api/LocalPackage;+66
j  com.android.build.gradle.internal.PlatformComponents$Companion.build$gradle_core(Ljava/io/File;Ljava/lang/String;)Lcom/android/build/gradle/internal/PlatformComponents;+77
j  com.android.build.gradle.internal.SdkDirectLoadingStrategy.loadSdkComponents(Ljava/lang/String;Lcom/android/repository/Revision;Lorg/gradle/api/provider/ProviderFactory;)Lcom/android/build/gradle/internal/SdkDirectLoadingStrategy$DirectLoadComponents;+165
j  com.android.build.gradle.internal.SdkDirectLoadingStrategy.init(Lorg/gradle/api/provider/ProviderFactory;)Lcom/android/build/gradle/internal/SdkDirectLoadingStrategy$DirectLoadComponents;+73
j  com.android.build.gradle.internal.SdkDirectLoadingStrategy.access$init(Lcom/android/build/gradle/internal/SdkDirectLoadingStrategy;Lorg/gradle/api/provider/ProviderFactory;)Lcom/android/build/gradle/internal/SdkDirectLoadingStrategy$DirectLoadComponents;+2
j  com.android.build.gradle.internal.SdkDirectLoadingStrategy$components$2.invoke()Lcom/android/build/gradle/internal/SdkDirectLoadingStrategy$DirectLoadComponents;+11
j  com.android.build.gradle.internal.SdkDirectLoadingStrategy$components$2.invoke()Ljava/lang/Object;+1
J 10045 c1 kotlin.SynchronizedLazyImpl.getValue()Ljava/lang/Object; (87 bytes) @ 0x00000257c1eb031c [0x00000257c1eafee0+0x000000000000043c]
j  com.android.build.gradle.internal.SdkDirectLoadingStrategy.getComponents()Lcom/android/build/gradle/internal/SdkDirectLoadingStrategy$DirectLoadComponents;+6
j  com.android.build.gradle.internal.SdkDirectLoadingStrategy.loadedSuccessfully()Z+1
j  com.android.build.gradle.internal.SdkLoadingStrategy.getTargetBootClasspath()Ljava/util/List;+4
j  com.android.build.gradle.internal.SdkComponentsBuildService$VersionedSdkLoader$targetBootClasspathProvider$1.call()Ljava/util/List;+7
j  com.android.build.gradle.internal.SdkComponentsBuildService$VersionedSdkLoader$targetBootClasspathProvider$1.call()Ljava/lang/Object;+1
J 8610 c1 org.gradle.api.internal.provider.DefaultProvider.calculateOwnValue(Lorg/gradle/api/internal/provider/ValueSupplier$ValueConsumer;)Lorg/gradle/api/internal/provider/ValueSupplier$Value; (60 bytes) @ 0x00000257c1bfcb5c [0x00000257c1bfc560+0x00000000000005fc]
J 8218 c1 org.gradle.api.internal.provider.AbstractMinimalProvider.calculateValue(Lorg/gradle/api/internal/provider/ValueSupplier$ValueConsumer;)Lorg/gradle/api/internal/provider/ValueSupplier$Value; (15 bytes) @ 0x00000257c1b29374 [0x00000257c1b29260+0x0000000000000114]
j  org.gradle.api.internal.provider.FlatMapProvider.calculateOwnValue(Lorg/gradle/api/internal/provider/ValueSupplier$ValueConsumer;)Lorg/gradle/api/internal/provider/ValueSupplier$Value;+53
J 8218 c1 org.gradle.api.internal.provider.AbstractMinimalProvider.calculateValue(Lorg/gradle/api/internal/provider/ValueSupplier$ValueConsumer;)Lorg/gradle/api/internal/provider/ValueSupplier$Value; (15 bytes) @ 0x00000257c1b29374 [0x00000257c1b29260+0x0000000000000114]
j  org.gradle.api.internal.provider.FlatMapProvider.backingProvider(Lorg/gradle/internal/evaluation/EvaluationScopeContext;Lorg/gradle/api/internal/provider/ValueSupplier$ValueConsumer;)Lorg/gradle/api/internal/provider/ProviderInternal;+5
j  org.gradle.api.internal.provider.FlatMapProvider.getProducer()Lorg/gradle/api/internal/provider/ValueSupplier$ValueProducer;+10
j  org.gradle.api.internal.provider.Collectors$ElementsFromCollectionProvider.getProducer()Lorg/gradle/api/internal/provider/ValueSupplier$ValueProducer;+4
j  org.gradle.api.internal.provider.AbstractCollectingSupplier$$Lambda+0x0000000800f60000.apply(Ljava/lang/Object;)Ljava/lang/Object;+4
J 6205 c2 java.util.stream.ReferencePipeline$3$1.accept(Ljava/lang/Object;)V java.base@21.0.8 (23 bytes) @ 0x00000257c8b3d700 [0x00000257c8b3d6a0+0x0000000000000060]
j  java.util.ArrayList$SubList$2.tryAdvance(Ljava/util/function/Consumer;)Z+44 java.base@21.0.8
J 5946 c2 java.util.stream.AbstractPipeline.wrapAndCopyInto(Ljava/util/stream/Sink;Ljava/util/Spliterator;)Ljava/util/stream/Sink; java.base@21.0.8 (18 bytes) @ 0x00000257c8b26430 [0x00000257c8b25de0+0x0000000000000650]
J 8713 c2 java.util.stream.MatchOps$MatchOp.evaluateSequential(Ljava/util/stream/PipelineHelper;Ljava/util/Spliterator;)Ljava/lang/Object; java.base@21.0.8 (7 bytes) @ 0x00000257c8c954d0 [0x00000257c8c94f80+0x0000000000000550]
J 6139 c2 java.util.stream.AbstractPipeline.evaluate(Ljava/util/stream/TerminalOp;)Ljava/lang/Object; java.base@21.0.8 (94 bytes) @ 0x00000257c8b34e50 [0x00000257c8b34d40+0x0000000000000110]
J 3718 c1 java.util.stream.ReferencePipeline.anyMatch(Ljava/util/function/Predicate;)Z java.base@21.0.8 (18 bytes) @ 0x00000257c1341a1c [0x00000257c1341960+0x00000000000000bc]
j  org.gradle.api.internal.provider.AbstractCollectingSupplier$1.isKnown()Z+12
j  org.gradle.api.internal.provider.AbstractCollectingSupplier$1$$Lambda+0x0000000800fbfb58.test(Ljava/lang/Object;)Z+4
J 3726 c2 java.util.stream.MatchOps$1MatchSink.accept(Ljava/lang/Object;)V java.base@21.0.8 (44 bytes) @ 0x00000257c89ae488 [0x00000257c89ae420+0x0000000000000068]
J 6205 c2 java.util.stream.ReferencePipeline$3$1.accept(Ljava/lang/Object;)V java.base@21.0.8 (23 bytes) @ 0x00000257c8b3d724 [0x00000257c8b3d6a0+0x0000000000000084]
j  java.util.ArrayList$SubList$2.tryAdvance(Ljava/util/function/Consumer;)Z+44 java.base@21.0.8
J 5946 c2 java.util.stream.AbstractPipeline.wrapAndCopyInto(Ljava/util/stream/Sink;Ljava/util/Spliterator;)Ljava/util/stream/Sink; java.base@21.0.8 (18 bytes) @ 0x00000257c8b26430 [0x00000257c8b25de0+0x0000000000000650]
J 8713 c2 java.util.stream.MatchOps$MatchOp.evaluateSequential(Ljava/util/stream/PipelineHelper;Ljava/util/Spliterator;)Ljava/lang/Object; java.base@21.0.8 (7 bytes) @ 0x00000257c8c954d0 [0x00000257c8c94f80+0x0000000000000550]
J 6139 c2 java.util.stream.AbstractPipeline.evaluate(Ljava/util/stream/TerminalOp;)Ljava/lang/Object; java.base@21.0.8 (94 bytes) @ 0x00000257c8b34e50 [0x00000257c8b34d40+0x0000000000000110]
J 3718 c1 java.util.stream.ReferencePipeline.anyMatch(Ljava/util/function/Predicate;)Z java.base@21.0.8 (18 bytes) @ 0x00000257c1341a1c [0x00000257c1341960+0x00000000000000bc]
j  org.gradle.api.internal.provider.AbstractCollectingSupplier$1.isKnown()Z+12
j  org.gradle.api.internal.file.collections.ProviderBackedFileCollection.visitDependencies(Lorg/gradle/api/internal/tasks/TaskDependencyResolveContext;)V+11
j  org.gradle.api.internal.tasks.CachingTaskDependencyResolveContext$TaskGraphImpl.getNodeValues(Ljava/lang/Object;Ljava/util/Collection;Ljava/util/Collection;)V+31
j  org.gradle.internal.graph.CachingDirectedGraphWalker$GraphWithEmptyEdges.getNodeValues(Ljava/lang/Object;Ljava/util/Collection;Ljava/util/Collection;)V+7
j  org.gradle.internal.graph.CachingDirectedGraphWalker.doSearch()Ljava/util/Set;+174
j  org.gradle.internal.graph.CachingDirectedGraphWalker.findValues()Ljava/util/Set;+1
j  org.gradle.api.internal.tasks.CachingTaskDependencyResolveContext.getDependencies(Lorg/gradle/api/Task;Ljava/lang/Object;)Ljava/util/Set;+40
j  org.gradle.execution.plan.TaskDependencyResolver.resolveDependenciesFor(Lorg/gradle/api/internal/TaskInternal;Ljava/lang/Object;)Ljava/util/Set;+6
j  org.gradle.execution.plan.LocalTaskNode.getDependencies(Lorg/gradle/execution/plan/TaskDependencyResolver;)Ljava/util/Set;+14
j  org.gradle.execution.plan.LocalTaskNode.resolveDependencies(Lorg/gradle/execution/plan/TaskDependencyResolver;)V+20
j  org.gradle.execution.plan.DefaultExecutionPlan.discoverNodeRelationships(Ljava/util/LinkedList;)V+115
j  org.gradle.execution.plan.DefaultExecutionPlan.doAddEntryNodes(Ljava/util/SortedSet;I)V+91
j  org.gradle.execution.plan.DefaultExecutionPlan.addEntryTasks(Ljava/util/Collection;I)V+63
j  org.gradle.execution.plan.DefaultExecutionPlan.addEntryTasks(Ljava/util/Collection;)V+13
j  org.gradle.execution.TaskNameResolvingBuildTaskScheduler.scheduleRequestedTasks(Lorg/gradle/api/internal/GradleInternal;Lorg/gradle/execution/EntryTaskSelector;Lorg/gradle/execution/plan/ExecutionPlan;)V+130
j  org.gradle.execution.DefaultTasksBuildTaskScheduler.scheduleRequestedTasks(Lorg/gradle/api/internal/GradleInternal;Lorg/gradle/execution/EntryTaskSelector;Lorg/gradle/execution/plan/ExecutionPlan;)V+184
j  org.gradle.initialization.DefaultTaskExecutionPreparer.lambda$scheduleRequestedTasks$0(Lorg/gradle/api/internal/GradleInternal;Lorg/gradle/execution/EntryTaskSelector;Lorg/gradle/execution/plan/ExecutionPlan;)V+7
j  org.gradle.initialization.DefaultTaskExecutionPreparer$$Lambda+0x0000000800fb0258.run()V+16
j  org.gradle.internal.Factories$1.create()Ljava/lang/Object;+4
j  org.gradle.internal.work.DefaultWorkerLeaseService.lambda$withLocksAcquired$0(Lorg/gradle/internal/Factory;Ljava/util/Collection;)Ljava/lang/Object;+1
j  org.gradle.internal.work.DefaultWorkerLeaseService$$Lambda+0x000000080039f6e8.create()Ljava/lang/Object;+12
j  org.gradle.internal.work.ResourceLockStatistics$1.measure(Ljava/lang/String;Ljava/lang/Iterable;Lorg/gradle/internal/Factory;)Ljava/lang/Object;+1
j  org.gradle.internal.work.DefaultWorkerLeaseService.withLocksAcquired(Ljava/util/Collection;Lorg/gradle/internal/Factory;)Ljava/lang/Object;+21
j  org.gradle.internal.work.DefaultWorkerLeaseService.lambda$withReplacedLocks$4(Lorg/gradle/internal/resources/ResourceLock;Lorg/gradle/internal/Factory;)Ljava/lang/Object;+6
j  org.gradle.internal.work.DefaultWorkerLeaseService$$Lambda+0x0000000800932ff0.create()Ljava/lang/Object;+12
j  org.gradle.internal.work.DefaultWorkerLeaseService.withoutLocks(Ljava/util/Collection;Lorg/gradle/internal/Factory;)Ljava/lang/Object;+10
j  org.gradle.internal.work.DefaultWorkerLeaseService.withReplacedLocks(Ljava/util/Collection;Lorg/gradle/internal/resources/ResourceLock;Lorg/gradle/internal/Factory;)Ljava/lang/Object;+27
j  org.gradle.api.internal.project.DefaultProjectStateRegistry$DefaultBuildProjectRegistry.withMutableStateOfAllProjects(Lorg/gradle/internal/Factory;)Ljava/lang/Object;+36
j  org.gradle.api.internal.project.DefaultProjectStateRegistry$DefaultBuildProjectRegistry.withMutableStateOfAllProjects(Ljava/lang/Runnable;)V+5
j  org.gradle.initialization.DefaultTaskExecutionPreparer.scheduleRequestedTasks(Lorg/gradle/api/internal/GradleInternal;Lorg/gradle/execution/EntryTaskSelector;Lorg/gradle/execution/plan/ExecutionPlan;)V+20
j  org.gradle.initialization.VintageBuildModelController.lambda$scheduleRequestedTasks$0(Lorg/gradle/execution/EntryTaskSelector;Lorg/gradle/execution/plan/ExecutionPlan;)V+10
j  org.gradle.initialization.VintageBuildModelController$$Lambda+0x0000000800fb0000.run()V+12
j  org.gradle.internal.model.StateTransitionController.lambda$inState$1(Ljava/lang/Runnable;)Ljava/lang/Object;+1
j  org.gradle.internal.model.StateTransitionController$$Lambda+0x00000008005747d8.get()Ljava/lang/Object;+4
j  org.gradle.internal.model.StateTransitionController.lambda$inState$2(Lorg/gradle/internal/model/StateTransitionController$State;Ljava/util/function/Supplier;)Ljava/lang/Object;+11
j  org.gradle.internal.model.StateTransitionController$$Lambda+0x0000000800574a30.create()Ljava/lang/Object;+12
j  org.gradle.internal.work.DefaultSynchronizer.withLock(Lorg/gradle/internal/Factory;)Ljava/lang/Object;+6
j  org.gradle.internal.model.StateTransitionController.inState(Lorg/gradle/internal/model/StateTransitionController$State;Ljava/util/function/Supplier;)Ljava/lang/Object;+12
j  org.gradle.internal.model.StateTransitionController.inState(Lorg/gradle/internal/model/StateTransitionController$State;Ljava/lang/Runnable;)V+8
j  org.gradle.initialization.VintageBuildModelController.scheduleRequestedTasks(Lorg/gradle/execution/EntryTaskSelector;Lorg/gradle/execution/plan/ExecutionPlan;)V+15
j  org.gradle.internal.build.DefaultBuildLifecycleController$DefaultWorkGraphBuilder.addRequestedTasks(Lorg/gradle/execution/EntryTaskSelector;)V+12
j  org.gradle.internal.buildtree.DefaultBuildTreeWorkPreparer.lambda$scheduleRequestedTasks$0(Lorg/gradle/execution/EntryTaskSelector;Lorg/gradle/internal/build/BuildLifecycleController$WorkGraphBuilder;)V+2
j  org.gradle.internal.buildtree.DefaultBuildTreeWorkPreparer$$Lambda+0x0000000800fa9130.accept(Ljava/lang/Object;)V+8
j  org.gradle.internal.build.DefaultBuildLifecycleController.lambda$populateWorkGraph$8(Ljava/util/function/Consumer;Lorg/gradle/execution/plan/ExecutionPlan;)V+10
j  org.gradle.internal.build.DefaultBuildLifecycleController$$Lambda+0x0000000800fab350.accept(Ljava/lang/Object;)V+12
j  org.gradle.internal.build.DefaultBuildWorkPreparer.populateWorkGraph(Lorg/gradle/api/internal/GradleInternal;Lorg/gradle/execution/plan/ExecutionPlan;Ljava/util/function/Consumer;)V+2
j  org.gradle.internal.build.BuildOperationFiringBuildWorkPreparer$PopulateWorkGraph.populateTaskGraph()V+16
j  org.gradle.internal.build.BuildOperationFiringBuildWorkPreparer$PopulateWorkGraph.run(Lorg/gradle/internal/operations/BuildOperationContext;)V+1
J 9957 c1 org.gradle.internal.operations.DefaultBuildOperationRunner$1.execute(Lorg/gradle/internal/operations/BuildOperation;Lorg/gradle/internal/operations/BuildOperationContext;)V (10 bytes) @ 0x00000257c1e84944 [0x00000257c1e846e0+0x0000000000000264]
J 7685 c1 org.gradle.internal.operations.DefaultBuildOperationRunner$2.execute(Lorg/gradle/internal/operations/BuildOperationDescriptor;Lorg/gradle/internal/operations/BuildOperationState;Lorg/gradle/internal/operations/BuildOperationState;Lorg/gradle/internal/operations/DefaultBuildOperationRunner$ReadableBuildOperationContext;Lorg/gradle/internal/operations/DefaultBuildOperationRunner$BuildOperationExecutionListener;)Lorg/gradle/internal/operations/BuildOperation; (110 bytes) @ 0x00000257c19cf4cc [0x00000257c19cf2c0+0x000000000000020c]
J 7680 c1 org.gradle.internal.operations.DefaultBuildOperationRunner$2.execute(Lorg/gradle/internal/operations/BuildOperationDescriptor;Lorg/gradle/internal/operations/BuildOperationState;Lorg/gradle/internal/operations/BuildOperationState;Lorg/gradle/internal/operations/DefaultBuildOperationRunner$ReadableBuildOperationContext;Lorg/gradle/internal/operations/DefaultBuildOperationRunner$BuildOperationExecutionListener;)Ljava/lang/Object; (12 bytes) @ 0x00000257c19cc83c [0x00000257c19cc7c0+0x000000000000007c]
J 7682 c1 org.gradle.internal.operations.DefaultBuildOperationRunner.execute(Lorg/gradle/internal/operations/BuildOperationDescriptor$Builder;Lorg/gradle/internal/operations/DefaultBuildOperationRunner$BuildOperationExecution;)Ljava/lang/Object; (147 bytes) @ 0x00000257c19cdb24 [0x00000257c19ccd20+0x0000000000000e04]
J 7501 c1 org.gradle.internal.operations.DefaultBuildOperationRunner.execute(Lorg/gradle/internal/operations/BuildOperation;Lorg/gradle/internal/operations/BuildOperationWorker;)V (22 bytes) @ 0x00000257c19733dc [0x00000257c1973160+0x000000000000027c]
J 9956 c1 org.gradle.internal.operations.DefaultBuildOperationRunner.run(Lorg/gradle/internal/operations/RunnableBuildOperation;)V (9 bytes) @ 0x00000257c1e8435c [0x00000257c1e842c0+0x000000000000009c]
j  org.gradle.internal.build.BuildOperationFiringBuildWorkPreparer.populateWorkGraph(Lorg/gradle/api/internal/GradleInternal;Lorg/gradle/execution/plan/ExecutionPlan;Ljava/util/function/Consumer;)V+22
j  org.gradle.internal.build.DefaultBuildLifecycleController.lambda$populateWorkGraph$9(Lorg/gradle/internal/build/DefaultBuildLifecycleController$DefaultBuildWorkPlan;Ljava/util/function/Consumer;)V+19
j  org.gradle.internal.build.DefaultBuildLifecycleController$$Lambda+0x0000000800fab0f8.run()V+12
j  org.gradle.internal.model.StateTransitionController.lambda$inState$1(Ljava/lang/Runnable;)Ljava/lang/Object;+1
j  org.gradle.internal.model.StateTransitionController$$Lambda+0x00000008005747d8.get()Ljava/lang/Object;+4
j  org.gradle.internal.model.StateTransitionController.lambda$inState$2(Lorg/gradle/internal/model/StateTransitionController$State;Ljava/util/function/Supplier;)Ljava/lang/Object;+11
j  org.gradle.internal.model.StateTransitionController$$Lambda+0x0000000800574a30.create()Ljava/lang/Object;+12
j  org.gradle.internal.work.DefaultSynchronizer.withLock(Lorg/gradle/internal/Factory;)Ljava/lang/Object;+6
j  org.gradle.internal.model.StateTransitionController.inState(Lorg/gradle/internal/model/StateTransitionController$State;Ljava/util/function/Supplier;)Ljava/lang/Object;+12
j  org.gradle.internal.model.StateTransitionController.inState(Lorg/gradle/internal/model/StateTransitionController$State;Ljava/lang/Runnable;)V+8
j  org.gradle.internal.build.DefaultBuildLifecycleController.populateWorkGraph(Lorg/gradle/execution/plan/BuildWorkPlan;Ljava/util/function/Consumer;)V+27
j  org.gradle.internal.build.DefaultBuildWorkGraphController$DefaultBuildWorkGraph.populateWorkGraph(Ljava/util/function/Consumer;)V+26
j  org.gradle.composite.internal.DefaultBuildController.populateWorkGraph(Ljava/util/function/Consumer;)V+12
j  org.gradle.composite.internal.DefaultIncludedBuildTaskGraph$DefaultBuildTreeWorkGraphBuilder.withWorkGraph(Lorg/gradle/internal/build/BuildState;Ljava/util/function/Consumer;)V+6
j  org.gradle.internal.buildtree.DefaultBuildTreeWorkPreparer.lambda$scheduleRequestedTasks$1(Lorg/gradle/execution/EntryTaskSelector;Lorg/gradle/internal/buildtree/BuildTreeWorkGraph$Builder;)V+36
j  org.gradle.internal.buildtree.DefaultBuildTreeWorkPreparer$$Lambda+0x0000000800fa8838.accept(Ljava/lang/Object;)V+12
j  org.gradle.composite.internal.DefaultIncludedBuildTaskGraph$DefaultBuildTreeWorkGraph$1.run(Lorg/gradle/internal/operations/BuildOperationContext;)V+40
J 9957 c1 org.gradle.internal.operations.DefaultBuildOperationRunner$1.execute(Lorg/gradle/internal/operations/BuildOperation;Lorg/gradle/internal/operations/BuildOperationContext;)V (10 bytes) @ 0x00000257c1e84944 [0x00000257c1e846e0+0x0000000000000264]
J 7685 c1 org.gradle.internal.operations.DefaultBuildOperationRunner$2.execute(Lorg/gradle/internal/operations/BuildOperationDescriptor;Lorg/gradle/internal/operations/BuildOperationState;Lorg/gradle/internal/operations/BuildOperationState;Lorg/gradle/internal/operations/DefaultBuildOperationRunner$ReadableBuildOperationContext;Lorg/gradle/internal/operations/DefaultBuildOperationRunner$BuildOperationExecutionListener;)Lorg/gradle/internal/operations/BuildOperation; (110 bytes) @ 0x00000257c19cf4cc [0x00000257c19cf2c0+0x000000000000020c]
J 7680 c1 org.gradle.internal.operations.DefaultBuildOperationRunner$2.execute(Lorg/gradle/internal/operations/BuildOperationDescriptor;Lorg/gradle/internal/operations/BuildOperationState;Lorg/gradle/internal/operations/BuildOperationState;Lorg/gradle/internal/operations/DefaultBuildOperationRunner$ReadableBuildOperationContext;Lorg/gradle/internal/operations/DefaultBuildOperationRunner$BuildOperationExecutionListener;)Ljava/lang/Object; (12 bytes) @ 0x00000257c19cc83c [0x00000257c19cc7c0+0x000000000000007c]
J 7682 c1 org.gradle.internal.operations.DefaultBuildOperationRunner.execute(Lorg/gradle/internal/operations/BuildOperationDescriptor$Builder;Lorg/gradle/internal/operations/DefaultBuildOperationRunner$BuildOperationExecution;)Ljava/lang/Object; (147 bytes) @ 0x00000257c19cdb24 [0x00000257c19ccd20+0x0000000000000e04]
J 7501 c1 org.gradle.internal.operations.DefaultBuildOperationRunner.execute(Lorg/gradle/internal/operations/BuildOperation;Lorg/gradle/internal/operations/BuildOperationWorker;)V (22 bytes) @ 0x00000257c19733dc [0x00000257c1973160+0x000000000000027c]
J 9956 c1 org.gradle.internal.operations.DefaultBuildOperationRunner.run(Lorg/gradle/internal/operations/RunnableBuildOperation;)V (9 bytes) @ 0x00000257c1e8435c [0x00000257c1e842c0+0x000000000000009c]
j  org.gradle.composite.internal.DefaultIncludedBuildTaskGraph$DefaultBuildTreeWorkGraph.scheduleWork(Ljava/util/function/Consumer;)Lorg/gradle/internal/buildtree/BuildTreeWorkGraph$FinalizedGraph;+34
j  org.gradle.internal.buildtree.DefaultBuildTreeWorkPreparer.scheduleRequestedTasks(Lorg/gradle/internal/buildtree/BuildTreeWorkGraph;Lorg/gradle/execution/EntryTaskSelector;)Lorg/gradle/internal/buildtree/BuildTreeWorkGraph$FinalizedGraph;+17
j  org.gradle.internal.cc.impl.barrier.BarrierAwareBuildTreeWorkPreparer.scheduleRequestedTasks$lambda$0(Lorg/gradle/internal/cc/impl/barrier/BarrierAwareBuildTreeWorkPreparer;Lorg/gradle/internal/buildtree/BuildTreeWorkGraph;Lorg/gradle/execution/EntryTaskSelector;)Lorg/gradle/internal/buildtree/BuildTreeWorkGraph$FinalizedGraph;+6
j  org.gradle.internal.cc.impl.barrier.BarrierAwareBuildTreeWorkPreparer$$Lambda+0x0000000800579158.invoke()Ljava/lang/Object;+12
j  org.gradle.internal.cc.impl.barrier.VintageConfigurationTimeActionRunner.runConfigurationTimeAction(Lkotlin/jvm/functions/Function0;)Ljava/lang/Object;+25
j  org.gradle.internal.cc.impl.barrier.BarrierAwareBuildTreeWorkPreparer.scheduleRequestedTasks(Lorg/gradle/internal/buildtree/BuildTreeWorkGraph;Lorg/gradle/execution/EntryTaskSelector;)Lorg/gradle/internal/buildtree/BuildTreeWorkGraph$FinalizedGraph;+18
j  org.gradle.internal.cc.impl.VintageBuildTreeWorkController$scheduleAndRunRequestedTasks$1$finalizedGraph$1.call()Lorg/gradle/internal/buildtree/BuildTreeWorkGraph$FinalizedGraph;+15
j  org.gradle.internal.cc.impl.VintageBuildTreeWorkController$scheduleAndRunRequestedTasks$1$finalizedGraph$1.call()Ljava/lang/Object;+1
j  org.gradle.internal.Try.ofFailable(Ljava/util/concurrent/Callable;)Lorg/gradle/internal/Try;+1
j  org.gradle.internal.cc.impl.VintageBuildTreeWorkController$scheduleAndRunRequestedTasks$1.apply(Lorg/gradle/internal/buildtree/BuildTreeWorkGraph;)Lorg/gradle/internal/buildtree/BuildTreeWorkController$TaskRunResult;+25
j  org.gradle.internal.cc.impl.VintageBuildTreeWorkController$scheduleAndRunRequestedTasks$1.apply(Ljava/lang/Object;)Ljava/lang/Object;+5
j  org.gradle.composite.internal.DefaultIncludedBuildTaskGraph.withNewWorkGraph(Ljava/util/function/Function;)Ljava/lang/Object;+30
j  org.gradle.internal.cc.impl.VintageBuildTreeWorkController.scheduleAndRunRequestedTasks(Lorg/gradle/execution/EntryTaskSelector;)Lorg/gradle/internal/buildtree/BuildTreeWorkController$TaskRunResult;+16
j  org.gradle.internal.buildtree.DefaultBuildTreeLifecycleController.lambda$scheduleAndRunTasks$1(Lorg/gradle/execution/EntryTaskSelector;)Lorg/gradle/internal/build/ExecutionResult;+5
j  org.gradle.internal.buildtree.DefaultBuildTreeLifecycleController$$Lambda+0x0000000800575698.get()Ljava/lang/Object;+8
j  org.gradle.internal.buildtree.DefaultBuildTreeLifecycleController.lambda$runBuild$5(Ljava/util/function/Supplier;)Ljava/lang/Object;+1
j  org.gradle.internal.buildtree.DefaultBuildTreeLifecycleController$$Lambda+0x00000008005758f0.get()Ljava/lang/Object;+8
j  org.gradle.internal.model.StateTransitionController.lambda$transition$7(Ljava/util/function/Supplier;)Lorg/gradle/internal/build/ExecutionResult;+1
j  org.gradle.internal.model.StateTransitionController$$Lambda+0x0000000800575da0.get()Ljava/lang/Object;+4
j  org.gradle.internal.model.StateTransitionController.doTransition(Lorg/gradle/internal/model/StateTransitionController$State;Lorg/gradle/internal/model/StateTransitionController$State;Ljava/util/function/Supplier;)Lorg/gradle/internal/build/ExecutionResult;+24
j  org.gradle.internal.model.StateTransitionController.lambda$transition$8(Lorg/gradle/internal/model/StateTransitionController$State;Lorg/gradle/internal/model/StateTransitionController$State;Ljava/util/function/Supplier;)Ljava/lang/Object;+9
j  org.gradle.internal.model.StateTransitionController$$Lambda+0x0000000800575b48.create()Ljava/lang/Object;+16
j  org.gradle.internal.work.DefaultSynchronizer.withLock(Lorg/gradle/internal/Factory;)Ljava/lang/Object;+6
j  org.gradle.internal.model.StateTransitionController.transition(Lorg/gradle/internal/model/StateTransitionController$State;Lorg/gradle/internal/model/StateTransitionController$State;Ljava/util/function/Supplier;)Ljava/lang/Object;+13
j  org.gradle.internal.buildtree.DefaultBuildTreeLifecycleController.runBuild(Ljava/util/function/Supplier;)Ljava/lang/Object;+17
j  org.gradle.internal.buildtree.DefaultBuildTreeLifecycleController.scheduleAndRunTasks(Lorg/gradle/execution/EntryTaskSelector;)V+8
j  org.gradle.internal.buildtree.DefaultBuildTreeLifecycleController.scheduleAndRunTasks()V+2
j  org.gradle.tooling.internal.provider.ExecuteBuildActionRunner.run(Lorg/gradle/internal/invocation/BuildAction;Lorg/gradle/internal/buildtree/BuildTreeLifecycleController;)Lorg/gradle/internal/buildtree/BuildActionRunner$Result;+12
j  org.gradle.launcher.exec.ChainingBuildActionRunner.run(Lorg/gradle/internal/invocation/BuildAction;Lorg/gradle/internal/buildtree/BuildTreeLifecycleController;)Lorg/gradle/internal/buildtree/BuildActionRunner$Result;+34
j  org.gradle.internal.buildtree.ProblemReportingBuildActionRunner.run(Lorg/gradle/internal/invocation/BuildAction;Lorg/gradle/internal/buildtree/BuildTreeLifecycleController;)Lorg/gradle/internal/buildtree/BuildActionRunner$Result;+12
j  org.gradle.launcher.exec.BuildOutcomeReportingBuildActionRunner.run(Lorg/gradle/internal/invocation/BuildAction;Lorg/gradle/internal/buildtree/BuildTreeLifecycleController;)Lorg/gradle/internal/buildtree/BuildActionRunner$Result;+69
j  org.gradle.tooling.internal.provider.FileSystemWatchingBuildActionRunner.run(Lorg/gradle/internal/invocation/BuildAction;Lorg/gradle/internal/buildtree/BuildTreeLifecycleController;)Lorg/gradle/internal/buildtree/BuildActionRunner$Result;+317
j  org.gradle.launcher.exec.BuildCompletionNotifyingBuildActionRunner.run(Lorg/gradle/internal/invocation/BuildAction;Lorg/gradle/internal/buildtree/BuildTreeLifecycleController;)Lorg/gradle/internal/buildtree/BuildActionRunner$Result;+6
j  org.gradle.launcher.exec.RootBuildLifecycleBuildActionExecutor.lambda$execute$0(Lorg/gradle/internal/invocation/BuildAction;Lorg/gradle/internal/buildtree/BuildTreeLifecycleController;)Lorg/gradle/internal/buildtree/BuildActionRunner$Result;+6
j  org.gradle.launcher.exec.RootBuildLifecycleBuildActionExecutor$$Lambda+0x000000080055ec10.apply(Ljava/lang/Object;)Ljava/lang/Object;+12
j  org.gradle.composite.internal.DefaultRootBuildState.run(Ljava/util/function/Function;)Ljava/lang/Object;+92
j  org.gradle.launcher.exec.RootBuildLifecycleBuildActionExecutor.execute(Lorg/gradle/internal/invocation/BuildAction;)Lorg/gradle/internal/buildtree/BuildActionRunner$Result;+91
j  org.gradle.launcher.exec.BuildTreeLifecycleBuildActionExecutor.runRootBuildAction(Lorg/gradle/internal/invocation/BuildAction;Lorg/gradle/internal/service/ServiceRegistry;Lorg/gradle/internal/buildtree/BuildActionModelRequirements;Lorg/gradle/internal/buildtree/BuildModelParameters;)Lorg/gradle/internal/buildtree/BuildActionRunner$Result;+42
j  org.gradle.launcher.exec.BuildTreeLifecycleBuildActionExecutor.execute(Lorg/gradle/internal/invocation/BuildAction;Lorg/gradle/internal/session/BuildSessionContext;)Lorg/gradle/internal/buildtree/BuildActionRunner$Result;+50
j  org.gradle.launcher.exec.RunAsBuildOperationBuildActionExecutor$2.call(Lorg/gradle/internal/operations/BuildOperationContext;)Lorg/gradle/internal/buildtree/BuildActionRunner$Result;+25
j  org.gradle.launcher.exec.RunAsBuildOperationBuildActionExecutor$2.call(Lorg/gradle/internal/operations/BuildOperationContext;)Ljava/lang/Object;+2
j  org.gradle.internal.operations.DefaultBuildOperationRunner$CallableBuildOperationWorker.execute(Lorg/gradle/internal/operations/CallableBuildOperation;Lorg/gradle/internal/operations/BuildOperationContext;)V+3
j  org.gradle.internal.operations.DefaultBuildOperationRunner$CallableBuildOperationWorker.execute(Lorg/gradle/internal/operations/BuildOperation;Lorg/gradle/internal/operations/BuildOperationContext;)V+6
j  org.gradle.internal.operations.DefaultBuildOperationRunner$2.execute(Lorg/gradle/internal/operations/BuildOperationDescriptor;Lorg/gradle/internal/operations/BuildOperationState;Lorg/gradle/internal/operations/BuildOperationState;Lorg/gradle/internal/operations/DefaultBuildOperationRunner$ReadableBuildOperationContext;Lorg/gradle/internal/operations/DefaultBuildOperationRunner$BuildOperationExecutionListener;)Lorg/gradle/internal/operations/BuildOperation;+22
j  org.gradle.internal.operations.DefaultBuildOperationRunner$2.execute(Lorg/gradle/internal/operations/BuildOperationDescriptor;Lorg/gradle/internal/operations/BuildOperationState;Lorg/gradle/internal/operations/BuildOperationState;Lorg/gradle/internal/operations/DefaultBuildOperationRunner$ReadableBuildOperationContext;Lorg/gradle/internal/operations/DefaultBuildOperationRunner$BuildOperationExecutionListener;)Ljava/lang/Object;+8
j  org.gradle.internal.operations.DefaultBuildOperationRunner.execute(Lorg/gradle/internal/operations/BuildOperationDescriptor$Builder;Lorg/gradle/internal/operations/DefaultBuildOperationRunner$BuildOperationExecution;)Ljava/lang/Object;+141
j  org.gradle.internal.operations.DefaultBuildOperationRunner.execute(Lorg/gradle/internal/operations/BuildOperation;Lorg/gradle/internal/operations/BuildOperationWorker;)V+17
j  org.gradle.internal.operations.DefaultBuildOperationRunner.call(Lorg/gradle/internal/operations/CallableBuildOperation;)Ljava/lang/Object;+12
j  org.gradle.launcher.exec.RunAsBuildOperationBuildActionExecutor.execute(Lorg/gradle/internal/invocation/BuildAction;Lorg/gradle/internal/session/BuildSessionContext;)Lorg/gradle/internal/buildtree/BuildActionRunner$Result;+23
j  org.gradle.launcher.exec.RunAsWorkerThreadBuildActionExecutor.lambda$execute$0(Lorg/gradle/internal/invocation/BuildAction;Lorg/gradle/internal/session/BuildSessionContext;)Lorg/gradle/internal/buildtree/BuildActionRunner$Result;+6
j  org.gradle.launcher.exec.RunAsWorkerThreadBuildActionExecutor$$Lambda+0x0000000800396768.create()Ljava/lang/Object;+12
j  org.gradle.internal.work.DefaultWorkerLeaseService.lambda$withLocksAcquired$0(Lorg/gradle/internal/Factory;Ljava/util/Collection;)Ljava/lang/Object;+1
j  org.gradle.internal.work.DefaultWorkerLeaseService$$Lambda+0x000000080039f6e8.create()Ljava/lang/Object;+12
j  org.gradle.internal.work.ResourceLockStatistics$1.measure(Ljava/lang/String;Ljava/lang/Iterable;Lorg/gradle/internal/Factory;)Ljava/lang/Object;+1
j  org.gradle.internal.work.DefaultWorkerLeaseService.withLocksAcquired(Ljava/util/Collection;Lorg/gradle/internal/Factory;)Ljava/lang/Object;+21
j  org.gradle.internal.work.DefaultWorkerLeaseService.withLocks(Ljava/util/Collection;Lorg/gradle/internal/Factory;)Ljava/lang/Object;+25
j  org.gradle.internal.work.DefaultWorkerLeaseService.runAsWorkerThread(Lorg/gradle/internal/Factory;)Ljava/lang/Object;+33
j  org.gradle.launcher.exec.RunAsWorkerThreadBuildActionExecutor.execute(Lorg/gradle/internal/invocation/BuildAction;Lorg/gradle/internal/session/BuildSessionContext;)Lorg/gradle/internal/buildtree/BuildActionRunner$Result;+12
j  org.gradle.tooling.internal.provider.continuous.ContinuousBuildActionExecutor.execute(Lorg/gradle/internal/invocation/BuildAction;Lorg/gradle/internal/session/BuildSessionContext;)Lorg/gradle/internal/buildtree/BuildActionRunner$Result;+58
j  org.gradle.tooling.internal.provider.SubscribableBuildActionExecutor.execute(Lorg/gradle/internal/invocation/BuildAction;Lorg/gradle/internal/session/BuildSessionContext;)Lorg/gradle/internal/buildtree/BuildActionRunner$Result;+30
j  org.gradle.internal.session.DefaultBuildSessionContext.execute(Lorg/gradle/internal/invocation/BuildAction;)Lorg/gradle/internal/buildtree/BuildActionRunner$Result;+64
j  org.gradle.internal.buildprocess.execution.BuildSessionLifecycleBuildActionExecutor$ActionImpl.apply(Lorg/gradle/internal/session/BuildSessionContext;)Lorg/gradle/launcher/exec/BuildActionResult;+6
j  org.gradle.internal.buildprocess.execution.BuildSessionLifecycleBuildActionExecutor$ActionImpl.apply(Ljava/lang/Object;)Ljava/lang/Object;+5
j  org.gradle.internal.session.BuildSessionState.run(Ljava/util/function/Function;)Ljava/lang/Object;+5
j  org.gradle.internal.buildprocess.execution.BuildSessionLifecycleBuildActionExecutor.execute(Lorg/gradle/internal/invocation/BuildAction;Lorg/gradle/launcher/exec/BuildActionParameters;Lorg/gradle/initialization/BuildRequestContext;)Lorg/gradle/launcher/exec/BuildActionResult;+105
j  org.gradle.internal.buildprocess.execution.BuildSessionLifecycleBuildActionExecutor.execute(Lorg/gradle/internal/invocation/BuildAction;Ljava/lang/Object;Ljava/lang/Object;)Lorg/gradle/launcher/exec/BuildActionResult;+10
j  org.gradle.internal.buildprocess.execution.StartParamsValidatingActionExecutor.execute(Lorg/gradle/internal/invocation/BuildAction;Lorg/gradle/launcher/exec/BuildActionParameters;Lorg/gradle/initialization/BuildRequestContext;)Lorg/gradle/launcher/exec/BuildActionResult;+142
j  org.gradle.internal.buildprocess.execution.StartParamsValidatingActionExecutor.execute(Lorg/gradle/internal/invocation/BuildAction;Ljava/lang/Object;Ljava/lang/Object;)Lorg/gradle/launcher/exec/BuildActionResult;+10
j  org.gradle.internal.buildprocess.execution.SessionFailureReportingActionExecutor.execute(Lorg/gradle/internal/invocation/BuildAction;Lorg/gradle/launcher/exec/BuildActionParameters;Lorg/gradle/initialization/BuildRequestContext;)Lorg/gradle/launcher/exec/BuildActionResult;+7
j  org.gradle.internal.buildprocess.execution.SessionFailureReportingActionExecutor.execute(Lorg/gradle/internal/invocation/BuildAction;Ljava/lang/Object;Ljava/lang/Object;)Lorg/gradle/launcher/exec/BuildActionResult;+10
j  org.gradle.internal.buildprocess.execution.SetupLoggingActionExecutor.execute(Lorg/gradle/internal/invocation/BuildAction;Lorg/gradle/launcher/exec/BuildActionParameters;Lorg/gradle/initialization/BuildRequestContext;)Lorg/gradle/launcher/exec/BuildActionResult;+50
j  org.gradle.internal.buildprocess.execution.SetupLoggingActionExecutor.execute(Lorg/gradle/internal/invocation/BuildAction;Ljava/lang/Object;Ljava/lang/Object;)Lorg/gradle/launcher/exec/BuildActionResult;+10
j  org.gradle.launcher.daemon.server.exec.ExecuteBuild.doBuild(Lorg/gradle/launcher/daemon/server/api/DaemonCommandExecution;Lorg/gradle/launcher/daemon/protocol/Build;)V+147
j  org.gradle.launcher.daemon.server.exec.BuildCommandOnly.execute(Lorg/gradle/launcher/daemon/server/api/DaemonCommandExecution;)V+49
j  org.gradle.launcher.daemon.server.api.DaemonCommandExecution.proceed()Z+23
j  org.gradle.launcher.daemon.server.exec.WatchForDisconnection.execute(Lorg/gradle/launcher/daemon/server/api/DaemonCommandExecution;)V+19
j  org.gradle.launcher.daemon.server.api.DaemonCommandExecution.proceed()Z+23
j  org.gradle.launcher.daemon.server.exec.ResetDeprecationLogger.execute(Lorg/gradle/launcher/daemon/server/api/DaemonCommandExecution;)V+7
j  org.gradle.launcher.daemon.server.api.DaemonCommandExecution.proceed()Z+23
j  org.gradle.launcher.daemon.server.exec.RequestStopIfSingleUsedDaemon.execute(Lorg/gradle/launcher/daemon/server/api/DaemonCommandExecution;)V+33
j  org.gradle.launcher.daemon.server.api.DaemonCommandExecution.proceed()Z+23
j  org.gradle.launcher.daemon.server.exec.ForwardClientInput.lambda$execute$0(Lorg/gradle/launcher/daemon/server/api/DaemonCommandExecution;Lorg/gradle/internal/daemon/clientinput/StdinHandler;)Ljava/lang/Object;+11
j  org.gradle.launcher.daemon.server.exec.ForwardClientInput$$Lambda+0x00000008002947c8.apply(Ljava/lang/Object;)Ljava/lang/Object;+8
j  org.gradle.internal.daemon.clientinput.ClientInputForwarder.forwardInput(Ljava/util/function/Function;)Ljava/lang/Object;+46
j  org.gradle.launcher.daemon.server.exec.ForwardClientInput.execute(Lorg/gradle/launcher/daemon/server/api/DaemonCommandExecution;)V+10
j  org.gradle.launcher.daemon.server.api.DaemonCommandExecution.proceed()Z+23
j  org.gradle.launcher.daemon.server.exec.LogAndCheckHealth.execute(Lorg/gradle/launcher/daemon/server/api/DaemonCommandExecution;)V+8
j  org.gradle.launcher.daemon.server.api.DaemonCommandExecution.proceed()Z+23
j  org.gradle.launcher.daemon.server.exec.LogToClient.doBuild(Lorg/gradle/launcher/daemon/server/api/DaemonCommandExecution;Lorg/gradle/launcher/daemon/protocol/Build;)V+87
j  org.gradle.launcher.daemon.server.exec.BuildCommandOnly.execute(Lorg/gradle/launcher/daemon/server/api/DaemonCommandExecution;)V+49
j  org.gradle.launcher.daemon.server.api.DaemonCommandExecution.proceed()Z+23
j  org.gradle.launcher.daemon.server.exec.EstablishBuildEnvironment.doBuild(Lorg/gradle/launcher/daemon/server/api/DaemonCommandExecution;Lorg/gradle/launcher/daemon/protocol/Build;)V+356
j  org.gradle.launcher.daemon.server.exec.BuildCommandOnly.execute(Lorg/gradle/launcher/daemon/server/api/DaemonCommandExecution;)V+49
j  org.gradle.launcher.daemon.server.api.DaemonCommandExecution.proceed()Z+23
j  org.gradle.launcher.daemon.server.exec.StartBuildOrRespondWithBusy$1.run()V+44
j  org.gradle.launcher.daemon.server.DaemonStateCoordinator.lambda$runCommand$0(Ljava/lang/Runnable;)V+1
j  org.gradle.launcher.daemon.server.DaemonStateCoordinator$$Lambda+0x00000008002933e0.run()V+8
j  org.gradle.internal.concurrent.ExecutorPolicy$CatchAndRecordFailures.onExecute(Ljava/lang/Runnable;)V+1
j  org.gradle.internal.concurrent.AbstractManagedExecutor$1.run()V+25
j  java.util.concurrent.ThreadPoolExecutor.runWorker(Ljava/util/concurrent/ThreadPoolExecutor$Worker;)V+92 java.base@21.0.8
j  java.util.concurrent.ThreadPoolExecutor$Worker.run()V+5 java.base@21.0.8
j  java.lang.Thread.runWith(Ljava/lang/Object;Ljava/lang/Runnable;)V+5 java.base@21.0.8
j  java.lang.Thread.run()V+19 java.base@21.0.8
v  ~StubRoutines::call_stub 0x00000257c824100d

siginfo: EXCEPTION_IN_PAGE_ERROR (0xc0000006), reading address 0x00000257bf4c60fe


Registers:
RAX=0x0000dd59ef359919, RBX=0x00000257bf4c60fc, RCX=0x00000257bf4c60fc, RDX=0x00000257def5c470
RSP=0x000000f4b4bf7c50, RBP=0x000000f4b4bf7d20, RSI=0x00000257bf4c60fc, RDI=0x00000257bf4c60fc
R8 =0x0000000000001749, R9 =0x000000f4b4bf7d20, R10=0x00000257bdd44c27, R11=0x0000000000000000
R12=0x0000000000001749, R13=0x00000257def4e408, R14=0x00000257def5c470, R15=0x00000257def5c470
RIP=0x00007fff912d132c, EFLAGS=0x0000000000010202

XMM[0]=0x0000000000000000 0x0000000000000000
XMM[1]=0x636170612f67726f 0x2f6e75732f6d6f63
XMM[2]=0xb11700b504152a13 0x00b52d2a1000b52c
XMM[3]=0x0000005b0001001f 0x0005000200030000
XMM[4]=0x5b00010006000500 0x020000000000b101
XMM[5]=0x2f6f692f6c706d69 0x2f6c616e7265746e
XMM[6]=0x1e23bc6805b72b7d 0x1ccb11a140ae8190
XMM[7]=0x8dc9c4eddff68288 0x7f4881efc1b044b9
XMM[8]=0x06467772ac5976bb 0x24b9ec700aa274b1
XMM[9]=0x2a428fa22a428fa2 0x2a428fa2daabb253
XMM[10]=0x0000000000000000 0x00000000b06922b1
XMM[11]=0xe232a131e232a131 0xe232a131bcde5384
XMM[12]=0x0000000000000000 0x00000000daabb253
XMM[13]=0x0000000000000000 0x0000000037d60017
XMM[14]=0x0000000000000000 0x6d2819728cf4ed9b
XMM[15]=0x0000000000000000 0x000000001fccd429
  MXCSR=0x00001fa5


Register to memory mapping:

RAX=0x0000dd59ef359919 is an unknown value
RBX=0x00000257bf4c60fc points into unknown readable memory: fa fa fe ca
RCX=0x00000257bf4c60fc points into unknown readable memory: fa fa fe ca
RDX=0x00000257def5c470 points into unknown readable memory: 0xffffffffffffffff | ff ff ff ff ff ff ff ff
RSP=0x000000f4b4bf7c50 is pointing into the stack for thread: 0x00000257e11d8030
RBP=0x000000f4b4bf7d20 is pointing into the stack for thread: 0x00000257e11d8030
RSI=0x00000257bf4c60fc points into unknown readable memory: fa fa fe ca
RDI=0x00000257bf4c60fc points into unknown readable memory: fa fa fe ca
R8 =0x0000000000001749 is an unknown value
R9 =0x000000f4b4bf7d20 is pointing into the stack for thread: 0x00000257e11d8030
R10=0x00000257bdd44c27 points into unknown readable memory: 00
R11=0x0 is null
R12=0x0000000000001749 is an unknown value
R13=0x00000257def4e408 points into unknown readable memory: 0x6c6d782e6176616a | 6a 61 76 61 2e 78 6d 6c
R14=0x00000257def5c470 points into unknown readable memory: 0xffffffffffffffff | ff ff ff ff ff ff ff ff
R15=0x00000257def5c470 points into unknown readable memory: 0xffffffffffffffff | ff ff ff ff ff ff ff ff

Top of Stack: (sp=0x000000f4b4bf7c50)
0x000000f4b4bf7c50:   0000000000000000 00007fff269a1ffe
0x000000f4b4bf7c60:   0000000000000000 00007fff26982c21
0x000000f4b4bf7c70:   00000000000000c3 00007fff26c8f26f
0x000000f4b4bf7c80:   00000257e11d8030 00007fff26c65f83
0x000000f4b4bf7c90:   00000257e11d8030 00007fff2698264d
0x000000f4b4bf7ca0:   0000000000000000 0000dd59ef359919
0x000000f4b4bf7cb0:   0000000000001749 00000257def5c470
0x000000f4b4bf7cc0:   00000257def4e380 00000257bb8cb5a0
0x000000f4b4bf7cd0:   00000000016c1892 0000000000000a62
0x000000f4b4bf7ce0:   00000257bf4c60fc 00007fff912d1e87
0x000000f4b4bf7cf0:   00000257e0fb3b10 0000000000007fd8
0x000000f4b4bf7d00:   000000000000003b 00007fff26dcf4cd
0x000000f4b4bf7d10:   00007fff912d6000 00000257e0fe7a38
0x000000f4b4bf7d20:   00000257bdd62c7f 00000257000a1beb
0x000000f4b4bf7d30:   00000257bb98e9e0 00000257def4e3c8
0x000000f4b4bf7d40:   00000257bb8cb5a0 00007fff912d1f1e
0x000000f4b4bf7d50:   00000257bdd44c10 00000257def4e3c8
0x000000f4b4bf7d60:   00000257def5c470 00000257def4e768
0x000000f4b4bf7d70:   0000000000000000 0000000000000041
0x000000f4b4bf7d80:   000000000005a37e 000000000005a3f7
0x000000f4b4bf7d90:   0000000000000001 00000000016c1892
0x000000f4b4bf7da0:   0000000000000a62 0000000000001749
0x000000f4b4bf7db0:   0000dd59ef359819 000000000008a654
0x000000f4b4bf7dc0:   000000000008a654 00000257e77692f8
0x000000f4b4bf7dd0:   0000000000001749 00007fff912d265a
0x000000f4b4bf7de0:   00000257bb98e9e0 00000257de33fa08
0x000000f4b4bf7df0:   00000257bb98e9e0 00000257def4e3c8
0x000000f4b4bf7e00:   00000257def5c470 00007fff267dee05
0x000000f4b4bf7e10:   00000257def4e768 00000257def4e768
0x000000f4b4bf7e20:   00000257def4e3c8 1e23bc6805b72b7d
0x000000f4b4bf7e30:   000000f4b4bf7e90 0000000000000000
0x000000f4b4bf7e40:   000000000008a654 00000257def4e408 

Instructions: (pc=0x00007fff912d132c)
0x00007fff912d122c:   89 0a c3 cc 48 8d 05 c9 4d 00 00 84 c9 74 07 48
0x00007fff912d123c:   8d 05 c6 4d 00 00 c3 cc 0f b6 01 0f b6 49 01 66
0x00007fff912d124c:   c1 e0 08 66 0b c1 c3 cc 0f b7 c2 88 51 01 66 c1
0x00007fff912d125c:   e8 08 88 01 c3 cc cc cc 48 89 5c 24 08 4c 8b 09
0x00007fff912d126c:   4c 8b d9 41 b8 04 00 00 00 41 0f b6 01 84 c0 79
0x00007fff912d127c:   4e 44 0f be c0 24 1f 41 c1 f8 05 41 83 e0 03 0f
0x00007fff912d128c:   b6 d0 41 83 f8 01 74 57 42 8d 0c c5 f8 ff ff ff
0x00007fff912d129c:   41 8b d8 d3 e2 48 83 fb 01 76 44 41 ba 01 00 00
0x00007fff912d12ac:   00 42 8d 0c c5 f0 ff ff ff 43 0f b6 04 11 49 ff
0x00007fff912d12bc:   c2 d3 e0 83 e9 08 0b d0 4c 3b d3 7c ec eb 20 41
0x00007fff912d12cc:   0f b6 49 02 8b d0 41 0f b6 41 01 c1 e2 08 0b d0
0x00007fff912d12dc:   c1 e2 08 0b d1 41 0f b6 49 03 c1 e2 08 0b d1 48
0x00007fff912d12ec:   8b 5c 24 08 8b c2 41 8b c8 49 03 c9 49 89 0b c3
0x00007fff912d12fc:   40 53 55 56 57 41 54 41 56 41 57 48 83 ec 60 48
0x00007fff912d130c:   8b 05 26 4d 00 00 48 33 c4 48 89 44 24 58 49 8b
0x00007fff912d131c:   e9 4d 8b e0 4c 8b fa 48 8b f1 48 8b d9 48 8b f9
0x00007fff912d132c:   0f b6 47 02 44 0f b6 47 03 41 c1 e0 08 44 0b c0
0x00007fff912d133c:   0f b6 47 01 41 c1 e0 08 44 0b c0 0f b6 07 41 c1
0x00007fff912d134c:   e0 08 44 0b c0 44 89 44 24 30 0f b6 47 0a 0f b6
0x00007fff912d135c:   57 0b 0f b6 4f 07 48 c1 e2 08 48 0b d0 c1 e1 08
0x00007fff912d136c:   0f b6 47 09 48 c1 e2 08 48 0b d0 0f b6 47 08 48
0x00007fff912d137c:   c1 e2 08 48 0b d0 0f b6 47 06 0b c8 48 c1 e2 20
0x00007fff912d138c:   0f b6 47 05 c1 e1 08 0b c1 c1 e0 08 48 98 48 0b
0x00007fff912d139c:   d0 0f b6 47 04 48 0b d0 48 89 54 24 38 0f b6 47
0x00007fff912d13ac:   12 44 0f b6 4f 13 0f b6 4f 0f c1 e1 08 49 c1 e1
0x00007fff912d13bc:   08 4c 0b c8 0f b6 47 11 49 c1 e1 08 4c 0b c8 0f
0x00007fff912d13cc:   b6 47 10 49 c1 e1 08 4c 0b c8 0f b6 47 0e 0b c8
0x00007fff912d13dc:   49 c1 e1 20 0f b6 47 0d c1 e1 08 0b c1 c1 e0 08
0x00007fff912d13ec:   48 98 4c 0b c8 0f b6 47 0c 4c 0b c8 4c 89 4c 24
0x00007fff912d13fc:   40 0f b6 47 16 0f b6 4f 17 c1 e1 08 0b c8 0f b6
0x00007fff912d140c:   47 15 c1 e1 08 0b c8 0f b6 47 14 c1 e1 08 0b c8
0x00007fff912d141c:   89 4c 24 48 0f b6 47 1a 0f b6 57 1b c1 e2 08 0b 


Stack slot to memory mapping:

stack at sp + 0 slots: 0x0 is null
stack at sp + 1 slots: 0x00007fff269a1ffe jvm.dll
stack at sp + 2 slots: 0x0 is null
stack at sp + 3 slots: 0x00007fff26982c21 jvm.dll
stack at sp + 4 slots: 0x00000000000000c3 is an unknown value
stack at sp + 5 slots: 0x00007fff26c8f26f jvm.dll
stack at sp + 6 slots: 0x00000257e11d8030 is a thread
stack at sp + 7 slots: 0x00007fff26c65f83 jvm.dll

new  187 new  [0x00000257c82590e0, 0x00000257c82592e8]  520 bytes
[MachCode]
  0x00000257c82590e0: 4883 ec08 | c5fa 1104 | 24eb 1f48 | 83ec 10c5 | fb11 0424 | eb14 4883 | ec10 4889 | 0424 48c7 
  0x00000257c8259100: 4424 0800 | 0000 00eb | 0150 410f | b755 010f | cac1 ea10 | 488b 4de8 | 488b 4908 | 488b 4908 
  0x00000257c8259120: 488b 4108 | 807c 1004 | 070f 85d3 | 0000 0066 | 8b54 d148 | 488b 4928 | 488b 4cd1 | 0851 80b9 
  0x00000257c8259140: 6101 0000 | 040f 85b6 | 0000 008b | 5108 f6c2 | 010f 85aa | 0000 0049 | 8b87 b801 | 0000 488d 
  0x00000257c8259160: 1c10 493b | 9fc8 0100 | 000f 8792 | 0000 0049 | 899f b801 | 0000 4883 | ea10 0f84 | 0f00 0000 
  0x00000257c8259180: 33c9 c1ea | 0348 894c | d008 48ff | ca75 f648 | c700 0100 | 0000 5933 | f689 700c | 49ba 0000 
  0x00000257c82591a0: 0000 0800 | 0000 492b | ca89 4808 | 49ba 19fa | 1527 ff7f | 0000 4180 | 3a00 0f84 | 3c00 0000 
  0x00000257c82591c0: 5048 8bc8 | 4883 ec20 | 40f6 c40f | 0f84 1900 | 0000 4883 | ec08 48b8 | d0d7 cf26 | ff7f 0000 
  0x00000257c82591e0: ffd0 4883 | c408 e90c | 0000 0048 | b8d0 d7cf | 26ff 7f00 | 00ff d048 | 83c4 2058 | e9cb 0000 
  0x00000257c8259200: 0059 488b | 55e8 488b | 5208 488b | 5208 450f | b745 0141 | 0fc8 41c1 | e810 e805 | 0000 00e9 
  0x00000257c8259220: a800 0000 | 488d 4424 | 084c 896d | c049 8bcf | c5f8 7749 | 89af a803 | 0000 4989 | 8798 0300 
  0x00000257c8259240: 0048 83ec | 2040 f6c4 | 0f0f 8419 | 0000 0048 | 83ec 0848 | b860 8899 | 26ff 7f00 | 00ff d048 
  0x00000257c8259260: 83c4 08e9 | 0c00 0000 | 48b8 6088 | 9926 ff7f | 0000 ffd0 | 4883 c420 | 49c7 8798 | 0300 0000 
  0x00000257c8259280: 0000 0049 | c787 a803 | 0000 0000 | 0000 49c7 | 87a0 0300 | 0000 0000 | 00c5 f877 | 4983 7f08 
  0x00000257c82592a0: 000f 8405 | 0000 00e9 | 547c feff | 498b 87f0 | 0300 0049 | c787 f003 | 0000 0000 | 0000 4c8b 
  0x00000257c82592c0: 6dc0 4c8b | 75c8 4e8d | 74f5 00c3 | 410f b65d | 0349 83c5 | 0349 bab0 | c518 27ff | 7f00 0041 
  0x00000257c82592e0: ff24 da0f | 1f44 0000 
[/MachCode]

Compiled method (c1) 15149 10045   !   3       kotlin.SynchronizedLazyImpl::getValue (87 bytes)
 total in heap  [0x00000257c1eafc90,0x00000257c1eb0b00] = 3696
 relocation     [0x00000257c1eafdf0,0x00000257c1eafec8] = 216
 main code      [0x00000257c1eafee0,0x00000257c1eb06d8] = 2040
 stub code      [0x00000257c1eb06d8,0x00000257c1eb0750] = 120
 oops           [0x00000257c1eb0750,0x00000257c1eb0760] = 16
 metadata       [0x00000257c1eb0760,0x00000257c1eb0788] = 40
 scopes data    [0x00000257c1eb0788,0x00000257c1eb0880] = 248
 scopes pcs     [0x00000257c1eb0880,0x00000257c1eb09c0] = 320
 dependencies   [0x00000257c1eb09c0,0x00000257c1eb09d0] = 16
 handler table  [0x00000257c1eb09d0,0x00000257c1eb0ad8] = 264
 nul chk table  [0x00000257c1eb0ad8,0x00000257c1eb0b00] = 40

[Constant Pool (empty)]

[MachCode]
[Entry Point]
  # {method} {0x00000257dc70c420} 'getValue' '()Ljava/lang/Object;' in 'kotlin/SynchronizedLazyImpl'
  #           [sp+0xb0]  (sp of caller)
  0x00000257c1eafee0: 448b 5208 | 49bb 0000 | 0000 0800 | 0000 4d03 | d34c 3bd0 

  0x00000257c1eafef4: ;   {runtime_call ic_miss_stub}
  0x00000257c1eafef4: 0f85 86e5 | 3d06 660f | 1f44 0000 
[Verified Entry Point]
  0x00000257c1eaff00: 8984 2400 | 80ff ff55 | 4881 eca0 | 0000 0090 | 4181 7f20 | 0500 0000 

  0x00000257c1eaff18: ;   {runtime_call StubRoutines (final stubs)}
  0x00000257c1eaff18: 7405 e8c1 | d83c 0648 | 8954 2470 

  0x00000257c1eaff24: ;   {metadata(method data for {method} {0x00000257dc70c420} 'getValue' '()Ljava/lang/Object;' in 'kotlin/SynchronizedLazyImpl')}
  0x00000257c1eaff24: 48b8 585e | f9e9 5702 | 0000 8bb0 | cc00 0000 | 83c6 0289 | b0cc 0000 | 0081 e6fe | 0700 0085 
  0x00000257c1eaff44: f60f 840e | 0600 008b | 7210 48c1 

  0x00000257c1eaff50: ;   {oop(a 'kotlin/UNINITIALIZED_VALUE'{0x000000070195b9a8})}
  0x00000257c1eaff50: e603 48b8 | a8b9 9501 | 0700 0000 

  0x00000257c1eaff5c: ;   {metadata(method data for {method} {0x00000257dc70c420} 'getValue' '()Ljava/lang/Object;' in 'kotlin/SynchronizedLazyImpl')}
  0x00000257c1eaff5c: 483b f048 | b858 5ef9 | e957 0200 | 0048 c7c7 | 2001 0000 | 7507 48c7 | c710 0100 | 0048 8b0c 
  0x00000257c1eaff7c: 3848 8d49 | 0148 890c | 380f 852d | 0400 008b | 5a14 48c1 | e303 488d | b424 8800 | 0000 4889 
  0x00000257c1eaff9c: 5e08 488b | 0348 83c8 | 0148 8906 | f048 0fb1 | 330f 8412 | 0000 0048 | 2bc4 4825 | 07f0 ffff 
  0x00000257c1eaffbc: 4889 060f | 85ba 0500 | 0049 ff87 | 4805 0000 | 8b72 1048 

  0x00000257c1eaffd0: ;   {oop(a 'kotlin/UNINITIALIZED_VALUE'{0x000000070195b9a8})}
  0x00000257c1eaffd0: c1e6 0348 | bfa8 b995 | 0107 0000 | 0048 3bf7 

  0x00000257c1eaffe0: ;   {metadata(method data for {method} {0x00000257dc70c420} 'getValue' '()Ljava/lang/Object;' in 'kotlin/SynchronizedLazyImpl')}
  0x00000257c1eaffe0: 48bf 585e | f9e9 5702 | 0000 48c7 | c030 0100 | 0074 0748 | c7c0 4001 | 0000 488b | 0c07 488d 
  0x00000257c1eb0000: 4901 4889 | 0c07 0f84 | 1500 0000 

  0x00000257c1eb000c: ;   {metadata(method data for {method} {0x00000257dc70c420} 'getValue' '()Ljava/lang/Object;' in 'kotlin/SynchronizedLazyImpl')}
  0x00000257c1eb000c: 48ba 585e | f9e9 5702 | 0000 ff82 | 5001 0000 | e944 0300 | 0044 8b42 | 0c49 c1e0 | 034c 8944 
  0x00000257c1eb002c: ;   {metadata(method data for {method} {0x00000257dc70c420} 'getValue' '()Ljava/lang/Object;' in 'kotlin/SynchronizedLazyImpl')}
  0x00000257c1eb002c: 2468 48be | 585e f9e9 | 5702 0000 | 4883 8668 | 0100 0001 

  0x00000257c1eb0040: ;   {metadata(method data for {method} {0x00000257daa96a60} 'checkNotNull' '(Ljava/lang/Object;)V' in 'kotlin/jvm/internal/Intrinsics')}
  0x00000257c1eb0040: 48be 4846 | 74dc 5702 | 0000 8bbe | cc00 0000 | 83c7 0289 | becc 0000 | 0081 e7fe | ff1f 0085 
  0x00000257c1eb0060: ff0f 842b | 0500 004d 

  0x00000257c1eb0068: ;   {metadata(method data for {method} {0x00000257daa96a60} 'checkNotNull' '(Ljava/lang/Object;)V' in 'kotlin/jvm/internal/Intrinsics')}
  0x00000257c1eb0068: 85c0 48be | 4846 74dc | 5702 0000 | 48c7 c710 | 0100 0075 | 0748 c7c7 | 2001 0000 | 488b 043e 
  0x00000257c1eb0088: 488d 4001 | 4889 043e | 4889 9c24 | 8000 0000 | 0f85 d301 

  0x00000257c1eb009c: ;   {metadata(method data for {method} {0x00000257daa96a60} 'checkNotNull' '(Ljava/lang/Object;)V' in 'kotlin/jvm/internal/Intrinsics')}
  0x00000257c1eb009c: 0000 48be | 4846 74dc | 5702 0000 | 4883 8630 | 0100 0001 

  0x00000257c1eb00b0: ;   {metadata(method data for {method} {0x00000257daa96da8} 'throwJavaNpe' '()V' in 'kotlin/jvm/internal/Intrinsics')}
  0x00000257c1eb00b0: 48be 8850 | 74dc 5702 | 0000 8bbe | cc00 0000 | 83c7 0289 | becc 0000 | 0081 e7fe | ff1f 0085 
  0x00000257c1eb00d0: ff0f 84dc | 0400 0090 

  0x00000257c1eb00d8: ;   {no_reloc}
  0x00000257c1eb00d8: e906 0500 | 0000 0000 | 0000 498b | 87b8 0100 | 0048 8d78 | 3049 3bbf | c801 0000 | 0f87 f304 
  0x00000257c1eb00f8: 0000 4989 | bfb8 0100 | 0048 c700 | 0100 0000 | 488b ca49 | ba00 0000 | 0008 0000 | 0049 2bca 
  0x00000257c1eb0118: 8948 0848 | 33c9 8948 | 0c48 33c9 | 4889 4810 | 4889 4818 | 4889 4820 | 4889 4828 

  0x00000257c1eb0134: ;   {metadata(method data for {method} {0x00000257daa96da8} 'throwJavaNpe' '()V' in 'kotlin/jvm/internal/Intrinsics')}
  0x00000257c1eb0134: 488b d048 | be88 5074 | dc57 0200 | 0048 8386 | 1001 0000 | 0148 8bd0 | 4889 4424 | 7866 0f1f 
  0x00000257c1eb0154: ;   {optimized virtual_call}
  0x00000257c1eb0154: 4400 00e8 

  0x00000257c1eb0158: ; ImmutableOopMap {[104]=Oop [112]=Oop [120]=Oop [128]=Oop [144]=Oop }
                      ;*invokespecial <init> {reexecute=0 rethrow=0 return_oop=0}
                      ; - kotlin.jvm.internal.Intrinsics::throwJavaNpe@4 (line 45)
                      ; - kotlin.jvm.internal.Intrinsics::checkNotNull@4 (line 25)
                      ; - kotlin.SynchronizedLazyImpl::getValue@48 (line 86)
  0x00000257c1eb0158: 24e6 3d06 

  0x00000257c1eb015c: ;   {other}
  0x00000257c1eb015c: 0f1f 8400 | cc04 0000 

  0x00000257c1eb0164: ;   {metadata(method data for {method} {0x00000257daa96da8} 'throwJavaNpe' '()V' in 'kotlin/jvm/internal/Intrinsics')}
  0x00000257c1eb0164: 48ba 8850 | 74dc 5702 | 0000 4883 | 8220 0100 

  0x00000257c1eb0174: ;   {metadata(method data for {method} {0x00000257daa990a0} 'sanitizeStackTrace' '(Ljava/lang/Throwable;)Ljava/lang/Throwable;' in 'kotlin/jvm/internal/Intrinsics')}
  0x00000257c1eb0174: 0001 48ba | 5849 74dc | 5702 0000 | 8bb2 cc00 | 0000 83c6 | 0289 b2cc | 0000 0081 | e6fe ff1f 
  0x00000257c1eb0194: 0085 f60f | 845d 0400 

  0x00000257c1eb019c: ;   {oop(a 'java/lang/Class'{0x00000007009d4f50} = 'kotlin/jvm/internal/Intrinsics')}
  0x00000257c1eb019c: 0048 ba50 | 4f9d 0007 | 0000 0048 

  0x00000257c1eb01a8: ;   {metadata(method data for {method} {0x00000257daa990a0} 'sanitizeStackTrace' '(Ljava/lang/Throwable;)Ljava/lang/Throwable;' in 'kotlin/jvm/internal/Intrinsics')}
  0x00000257c1eb01a8: 8bf2 48bf | 5849 74dc | 5702 0000 | 4883 8710 | 0100 0001 

  0x00000257c1eb01bc: ;   {metadata(method data for {method} {0x00000257da017ad0} 'getName' '()Ljava/lang/String;' in 'java/lang/Class')}
  0x00000257c1eb01bc: 48be c869 | 72da 5702 | 0000 8bbe | cc00 0000 | 83c7 0289 | becc 0000 | 0081 e7fe | ff1f 0085 
  0x00000257c1eb01dc: ff0f 8438 | 0400 008b | 522c 48c1 | e203 4885 

  0x00000257c1eb01ec: ;   {metadata(method data for {method} {0x00000257da017ad0} 'getName' '()Ljava/lang/String;' in 'java/lang/Class')}
  0x00000257c1eb01ec: d248 bec8 | 6972 da57 | 0200 0048 | c7c7 1001 | 0000 7407 | 48c7 c720 | 0100 0048 | 8b1c 3e48 
  0x00000257c1eb020c: 8d5b 0148 | 891c 3e0f | 8418 0000 

  0x00000257c1eb0218: ;   {metadata(method data for {method} {0x00000257da017ad0} 'getName' '()Ljava/lang/String;' in 'java/lang/Class')}
  0x00000257c1eb0218: 0048 bec8 | 6972 da57 | 0200 00ff | 8630 0100 | 0048 8bf2 | e936 0000 

  0x00000257c1eb0230: ;   {oop(a 'java/lang/Class'{0x00000007009d4f50} = 'kotlin/jvm/internal/Intrinsics')}
  0x00000257c1eb0230: 0048 ba50 | 4f9d 0007 | 0000 0048 

  0x00000257c1eb023c: ;   {metadata(method data for {method} {0x00000257da017ad0} 'getName' '()Ljava/lang/String;' in 'java/lang/Class')}
  0x00000257c1eb023c: 8bf2 48bf | c869 72da | 5702 0000 | 4883 8748 | 0100 0001 | 0f1f 8000 

  0x00000257c1eb0254: ;   {optimized virtual_call}
  0x00000257c1eb0254: 0000 00e8 

  0x00000257c1eb0258: ; ImmutableOopMap {[104]=Oop [112]=Oop [120]=Oop [128]=Oop [144]=Oop }
                      ;*invokevirtual initClassName {reexecute=0 rethrow=0 return_oop=0}
                      ; - java.lang.Class::getName@14
                      ; - kotlin.jvm.internal.Intrinsics::sanitizeStackTrace@3 (line 253)
                      ; - kotlin.jvm.internal.Intrinsics::throwJavaNpe@7 (line 45)
                      ; - kotlin.jvm.internal.Intrinsics::checkNotNull@4 (line 25)
                      ; - kotlin.SynchronizedLazyImpl::getValue@48 (line 86)
  0x00000257c1eb0258: 24e5 3d06 

  0x00000257c1eb025c: ;   {other}
  0x00000257c1eb025c: 0f1f 8400 | cc05 0001 | 488b f048 | 8b44 2478 | e960 0100 | 0049 3b00 

  0x00000257c1eb0274: ;   {metadata(method data for {method} {0x00000257dc70c420} 'getValue' '()Ljava/lang/Object;' in 'kotlin/SynchronizedLazyImpl')}
  0x00000257c1eb0274: 498b f048 | bf58 5ef9 | e957 0200 | 008b 7608 | 49ba 0000 | 0000 0800 | 0000 4903 | f248 3bb7 
  0x00000257c1eb0294: 8801 0000 | 750d 4883 | 8790 0100 | 0001 e960 | 0000 0048 | 3bb7 9801 | 0000 750d | 4883 87a0 
  0x00000257c1eb02b4: 0100 0001 | e94a 0000 | 0048 83bf | 8801 0000 | 0075 1748 | 89b7 8801 | 0000 48c7 | 8790 0100 
  0x00000257c1eb02d4: 0001 0000 | 00e9 2900 | 0000 4883 | bf98 0100 | 0000 7517 | 4889 b798 | 0100 0048 | c787 a001 
  0x00000257c1eb02f4: 0000 0100 | 0000 e908 | 0000 0048 | 8387 7801 | 0000 0149 | 8bd0 6666 | 9048 b8f0 | b703 e357 
  0x00000257c1eb0314: ;   {virtual_call}
  0x00000257c1eb0314: 0200 00e8 

  0x00000257c1eb0318: ; ImmutableOopMap {[112]=Oop [128]=Oop [144]=Oop }
                      ;*invokeinterface invoke {reexecute=0 rethrow=0 return_oop=0}
                      ; - kotlin.SynchronizedLazyImpl::getValue@51 (line 86)
  0x00000257c1eb0318: 7483 4906 

  0x00000257c1eb031c: ;   {other}
  0x00000257c1eb031c: 0f1f 8400 | 8c06 0002 | 488b 5424 | 704c 8bd0 | 49c1 ea03 | 4489 5210 | f083 4424 | c000 4c8d 
  0x00000257c1eb033c: 0249 c1e8 | 0948 be00 | 0051 cc57 | 0200 0041 | c604 3000 | c742 0c00 | 0000 0048 | 8d12 48c1 
  0x00000257c1eb035c: ea09 c604 | 3200 488b | f048 8d84 | 2488 0000 | 0048 8b10 | 4885 d20f | 840f 0000 | 004c 8b40 
  0x00000257c1eb037c: 08f0 490f | b110 0f85 | be02 0000 | 49ff 8f48 

  0x00000257c1eb038c: ;   {metadata(method data for {method} {0x00000257dc70c420} 'getValue' '()Ljava/lang/Object;' in 'kotlin/SynchronizedLazyImpl')}
  0x00000257c1eb038c: 0500 0048 | b858 5ef9 | e957 0200 | 00ff 80b0 | 0100 0048 | 8bc6 4881 | c4a0 0000 

  0x00000257c1eb03a8: ;   {poll_return}
  0x00000257c1eb03a8: 005d 493b | a748 0400 | 000f 87a5 | 0200 00c3 | 488b c648 | 81c4 a000 

  0x00000257c1eb03c0: ;   {poll_return}
  0x00000257c1eb03c0: 0000 5d49 | 3ba7 4804 | 0000 0f87 | a202 0000 

  0x00000257c1eb03d0: ;   {metadata(method data for {method} {0x00000257daa990a0} 'sanitizeStackTrace' '(Ljava/lang/Throwable;)Ljava/lang/Throwable;' in 'kotlin/jvm/internal/Intrinsics')}
  0x00000257c1eb03d0: c348 bf58 | 4974 dc57 | 0200 0048 | 8387 4801 | 0000 0148 | 8bd0 4c8b | c666 0f1f 

  0x00000257c1eb03ec: ;   {static_call}
  0x00000257c1eb03ec: 4400 00e8 

  0x00000257c1eb03f0: ; ImmutableOopMap {[104]=Oop [112]=Oop [128]=Oop [144]=Oop }
                      ;*invokestatic sanitizeStackTrace {reexecute=0 rethrow=0 return_oop=0}
                      ; - kotlin.jvm.internal.Intrinsics::sanitizeStackTrace@6 (line 253)
                      ; - kotlin.jvm.internal.Intrinsics::throwJavaNpe@7 (line 45)
                      ; - kotlin.jvm.internal.Intrinsics::checkNotNull@4 (line 25)
                      ; - kotlin.SynchronizedLazyImpl::getValue@48 (line 86)
  0x00000257c1eb03f0: 8ce9 3d06 

  0x00000257c1eb03f4: ;   {other}
  0x00000257c1eb03f4: 0f1f 8400 | 6407 0003 | 4c8b 4424 | 6848 8b9c | 2480 0000 | 0048 8b74 | 2470 4885 

  0x00000257c1eb0410: ;   {metadata(method data for {method} {0x00000257daa96da8} 'throwJavaNpe' '()V' in 'kotlin/jvm/internal/Intrinsics')}
  0x00000257c1eb0410: c075 1648 | bf88 5074 | dc57 0200 | 0080 8f29 | 0100 0001 | e9cd 0000 

  0x00000257c1eb0428: ;   {metadata('java/lang/NullPointerException')}
  0x00000257c1eb0428: 0048 b988 | e605 0008 | 0000 008b | 7808 49ba | 0000 0000 | 0800 0000 | 4903 fa48 | 3b4f 500f 
  0x00000257c1eb0448: 858d 0000 

  0x00000257c1eb044c: ;   {metadata(method data for {method} {0x00000257daa96da8} 'throwJavaNpe' '()V' in 'kotlin/jvm/internal/Intrinsics')}
  0x00000257c1eb044c: 0048 bf88 | 5074 dc57 | 0200 008b | 4808 49ba | 0000 0000 | 0800 0000 | 4903 ca48 | 3b8f 4001 
  0x00000257c1eb046c: 0000 750d | 4883 8748 | 0100 0001 | e979 0000 | 0048 3b8f | 5001 0000 | 750d 4883 | 8758 0100 
  0x00000257c1eb048c: 0001 e963 | 0000 0048 | 83bf 4001 | 0000 0075 | 1748 898f | 4001 0000 | 48c7 8748 | 0100 0001 
  0x00000257c1eb04ac: 0000 00e9 | 4200 0000 | 4883 bf50 | 0100 0000 | 7517 4889 | 8f50 0100 | 0048 c787 | 5801 0000 
  0x00000257c1eb04cc: 0100 0000 | e921 0000 | 00e9 1c00 

  0x00000257c1eb04d8: ;   {metadata(method data for {method} {0x00000257daa96da8} 'throwJavaNpe' '()V' in 'kotlin/jvm/internal/Intrinsics')}
  0x00000257c1eb04d8: 0000 48bf | 8850 74dc | 5702 0000 | 4883 af30 | 0100 0001 | e997 0100 | 00e9 0000 | 0000 483b 
  0x00000257c1eb04f8: ; ImmutableOopMap {rsi=Oop r8=Oop rbx=Oop rax=Oop [104]=Oop [112]=Oop [144]=Oop }
                      ;*athrow {reexecute=1 rethrow=0 return_oop=0}
                      ; - (reexecute) kotlin.jvm.internal.Intrinsics::throwJavaNpe@13 (line 45)
                      ; - kotlin.jvm.internal.Intrinsics::checkNotNull@4 (line 25)
                      ; - kotlin.SynchronizedLazyImpl::getValue@48 (line 86)
                      ;   {section_word}
  0x00000257c1eb04f8: 0048 baf9 | 04eb c157 

  0x00000257c1eb0500: ;   {runtime_call handle_exception_nofpu Runtime1 stub}
  0x00000257c1eb0500: 0200 00e8 | f89f 4806 | 9049 8b87 | f804 0000 | 4d33 d24d | 8997 f804 | 0000 4d33 | d24d 8997 
  0x00000257c1eb0520: 0005 0000 | 488b f048 | 8d84 2488 | 0000 0048 | 8b38 4885 | ff0f 840f | 0000 0048 | 8b58 08f0 
  0x00000257c1eb0540: 480f b13b | 0f85 4c01 | 0000 49ff | 8f48 0500 | 0048 8bc6 | e970 0100 

  0x00000257c1eb0558: ;   {metadata({method} {0x00000257dc70c420} 'getValue' '()Ljava/lang/Object;' in 'kotlin/SynchronizedLazyImpl')}
  0x00000257c1eb0558: 0049 ba18 | c470 dc57 | 0200 004c | 8954 2408 | 48c7 0424 | ffff ffff 

  0x00000257c1eb0570: ;   {runtime_call counter_overflow Runtime1 stub}
  0x00000257c1eb0570: e88b d848 

  0x00000257c1eb0574: ; ImmutableOopMap {rdx=Oop [112]=Oop }
                      ;*synchronization entry
                      ; - kotlin.SynchronizedLazyImpl::getValue@-1 (line 75)
  0x00000257c1eb0574: 06e9 d1f9 

  0x00000257c1eb0578: ;   {runtime_call throw_null_pointer_exception Runtime1 stub}
  0x00000257c1eb0578: ffff e881 

  0x00000257c1eb057c: ; ImmutableOopMap {rdx=Oop rbx=Oop [112]=Oop }
                      ;*monitorenter {reexecute=0 rethrow=0 return_oop=0}
                      ; - kotlin.SynchronizedLazyImpl::getValue@20 (line 81)
  0x00000257c1eb057c: 8748 0648 | 895c 2408 | 4889 3424 

  0x00000257c1eb0588: ;   {runtime_call monitorenter_nofpu Runtime1 stub}
  0x00000257c1eb0588: e873 b748 

  0x00000257c1eb058c: ; ImmutableOopMap {rdx=Oop rbx=Oop [112]=Oop [144]=Oop }
                      ;*monitorenter {reexecute=0 rethrow=0 return_oop=0}
                      ; - kotlin.SynchronizedLazyImpl::getValue@20 (line 81)
  0x00000257c1eb058c: 06e9 3afa 

  0x00000257c1eb0590: ;   {metadata({method} {0x00000257daa96a60} 'checkNotNull' '(Ljava/lang/Object;)V' in 'kotlin/jvm/internal/Intrinsics')}
  0x00000257c1eb0590: ffff 49ba | 586a a9da | 5702 0000 | 4c89 5424 | 0848 c704 | 24ff ffff 

  0x00000257c1eb05a8: ;   {runtime_call counter_overflow Runtime1 stub}
  0x00000257c1eb05a8: ffe8 52d8 

  0x00000257c1eb05ac: ; ImmutableOopMap {rdx=Oop rbx=Oop r8=Oop [104]=Oop [112]=Oop [144]=Oop }
                      ;*synchronization entry
                      ; - kotlin.jvm.internal.Intrinsics::checkNotNull@-1 (line 24)
                      ; - kotlin.SynchronizedLazyImpl::getValue@48 (line 86)
  0x00000257c1eb05ac: 4806 e9b4 

  0x00000257c1eb05b0: ;   {metadata({method} {0x00000257daa96da8} 'throwJavaNpe' '()V' in 'kotlin/jvm/internal/Intrinsics')}
  0x00000257c1eb05b0: faff ff49 | baa0 6da9 | da57 0200 | 004c 8954 | 2408 48c7 | 0424 ffff 

  0x00000257c1eb05c8: ;   {runtime_call counter_overflow Runtime1 stub}
  0x00000257c1eb05c8: ffff e831 

  0x00000257c1eb05cc: ; ImmutableOopMap {[104]=Oop [112]=Oop [128]=Oop [144]=Oop }
                      ;*synchronization entry
                      ; - kotlin.jvm.internal.Intrinsics::throwJavaNpe@-1 (line 45)
                      ; - kotlin.jvm.internal.Intrinsics::checkNotNull@4 (line 25)
                      ; - kotlin.SynchronizedLazyImpl::getValue@48 (line 86)
  0x00000257c1eb05cc: d848 06e9 | 03fb ffff 

  0x00000257c1eb05d4: ;   {metadata(nullptr)}
  0x00000257c1eb05d4: 48ba 0000 | 0000 0000 | 0000 b800 

  0x00000257c1eb05e0: ;   {runtime_call load_klass_patching Runtime1 stub}
  0x00000257c1eb05e0: 0f05 0ae8 

  0x00000257c1eb05e4: ; ImmutableOopMap {[104]=Oop [112]=Oop [128]=Oop [144]=Oop }
                      ;*new {reexecute=1 rethrow=0 return_oop=0}
                      ; - (reexecute) kotlin.jvm.internal.Intrinsics::throwJavaNpe@0 (line 45)
                      ; - kotlin.jvm.internal.Intrinsics::checkNotNull@4 (line 25)
                      ; - kotlin.SynchronizedLazyImpl::getValue@48 (line 86)
  0x00000257c1eb05e4: 98c7 4806 | e9eb faff | ff48 8bd2 

  0x00000257c1eb05f0: ;   {runtime_call fast_new_instance Runtime1 stub}
  0x00000257c1eb05f0: e80b 9048 

  0x00000257c1eb05f4: ; ImmutableOopMap {[104]=Oop [112]=Oop [128]=Oop [144]=Oop }
                      ;*new {reexecute=0 rethrow=0 return_oop=0}
                      ; - kotlin.jvm.internal.Intrinsics::throwJavaNpe@0 (line 45)
                      ; - kotlin.jvm.internal.Intrinsics::checkNotNull@4 (line 25)
                      ; - kotlin.SynchronizedLazyImpl::getValue@48 (line 86)
  0x00000257c1eb05f4: 06e9 3afb 

  0x00000257c1eb05f8: ;   {metadata({method} {0x00000257daa990a0} 'sanitizeStackTrace' '(Ljava/lang/Throwable;)Ljava/lang/Throwable;' in 'kotlin/jvm/internal/Intrinsics')}
  0x00000257c1eb05f8: ffff 49ba | 9890 a9da | 5702 0000 | 4c89 5424 | 0848 c704 | 24ff ffff 

  0x00000257c1eb0610: ;   {runtime_call counter_overflow Runtime1 stub}
  0x00000257c1eb0610: ffe8 ead7 

  0x00000257c1eb0614: ; ImmutableOopMap {[104]=Oop [112]=Oop [120]=Oop [128]=Oop [144]=Oop }
                      ;*synchronization entry
                      ; - kotlin.jvm.internal.Intrinsics::sanitizeStackTrace@-1 (line 253)
                      ; - kotlin.jvm.internal.Intrinsics::throwJavaNpe@7 (line 45)
                      ; - kotlin.jvm.internal.Intrinsics::checkNotNull@4 (line 25)
                      ; - kotlin.SynchronizedLazyImpl::getValue@48 (line 86)
  0x00000257c1eb0614: 4806 e982 

  0x00000257c1eb0618: ;   {metadata({method} {0x00000257da017ad0} 'getName' '()Ljava/lang/String;' in 'java/lang/Class')}
  0x00000257c1eb0618: fbff ff49 | bac8 7a01 | da57 0200 | 004c 8954 | 2408 48c7 | 0424 ffff 

  0x00000257c1eb0630: ;   {runtime_call counter_overflow Runtime1 stub}
  0x00000257c1eb0630: ffff e8c9 

  0x00000257c1eb0634: ; ImmutableOopMap {rdx=Oop [104]=Oop [112]=Oop [120]=Oop [128]=Oop [144]=Oop }
                      ;*synchronization entry
                      ; - java.lang.Class::getName@-1
                      ; - kotlin.jvm.internal.Intrinsics::sanitizeStackTrace@3 (line 253)
                      ; - kotlin.jvm.internal.Intrinsics::throwJavaNpe@7 (line 45)
                      ; - kotlin.jvm.internal.Intrinsics::checkNotNull@4 (line 25)
                      ; - kotlin.SynchronizedLazyImpl::getValue@48 (line 86)
  0x00000257c1eb0634: d748 06e9 | a7fb ffff 

  0x00000257c1eb063c: ;   {runtime_call throw_null_pointer_exception Runtime1 stub}
  0x00000257c1eb063c: e8bf 8648 

  0x00000257c1eb0640: ; ImmutableOopMap {[104]=Oop [112]=Oop [120]=Oop [128]=Oop [144]=Oop }
                      ;*getfield name {reexecute=1 rethrow=0 return_oop=0}
                      ; - (reexecute) java.lang.Class::getName@1
                      ; - kotlin.jvm.internal.Intrinsics::sanitizeStackTrace@3 (line 253)
                      ; - kotlin.jvm.internal.Intrinsics::throwJavaNpe@7 (line 45)
                      ; - kotlin.jvm.internal.Intrinsics::checkNotNull@4 (line 25)
                      ; - kotlin.SynchronizedLazyImpl::getValue@48 (line 86)
                      ;   {runtime_call throw_null_pointer_exception Runtime1 stub}
  0x00000257c1eb0640: 06e8 ba86 

  0x00000257c1eb0644: ; ImmutableOopMap {r8=Oop [104]=Oop [112]=Oop [128]=Oop [144]=Oop }
                      ;*invokeinterface invoke {reexecute=0 rethrow=0 return_oop=0}
                      ; - kotlin.SynchronizedLazyImpl::getValue@51 (line 86)
  0x00000257c1eb0644: 4806 488d | 8424 8800 | 0000 4889 

  0x00000257c1eb0650: ;   {runtime_call monitorexit_nofpu Runtime1 stub}
  0x00000257c1eb0650: 0424 e8a9 | bc48 06e9 | 33fd ffff 

  0x00000257c1eb065c: ;   {internal_word}
  0x00000257c1eb065c: 49ba aa03 | ebc1 5702 | 0000 4d89 | 9760 0400 

  0x00000257c1eb066c: ;   {runtime_call SafepointBlob}
  0x00000257c1eb066c: 00e9 8e44 

  0x00000257c1eb0670: ;   {internal_word}
  0x00000257c1eb0670: 3e06 49ba | c303 ebc1 | 5702 0000 | 4d89 9760 

  0x00000257c1eb0680: ;   {runtime_call SafepointBlob}
  0x00000257c1eb0680: 0400 00e9 | 7844 3e06 | 4889 0424 

  0x00000257c1eb068c: ;   {runtime_call throw_class_cast_exception Runtime1 stub}
  0x00000257c1eb068c: e86f aa48 

  0x00000257c1eb0690: ; ImmutableOopMap {rsi=Oop r8=Oop rbx=Oop [104]=Oop [112]=Oop [144]=Oop }
                      ;*checkcast {reexecute=0 rethrow=0 return_oop=0}
                      ; - kotlin.jvm.internal.Intrinsics::throwJavaNpe@10 (line 45)
                      ; - kotlin.jvm.internal.Intrinsics::checkNotNull@4 (line 25)
                      ; - kotlin.SynchronizedLazyImpl::getValue@48 (line 86)
                      ;   {runtime_call throw_null_pointer_exception Runtime1 stub}
  0x00000257c1eb0690: 06e8 6a86 

  0x00000257c1eb0694: ; ImmutableOopMap {rsi=Oop r8=Oop rbx=Oop rax=Oop [104]=Oop [112]=Oop [144]=Oop }
                      ;*athrow {reexecute=1 rethrow=0 return_oop=0}
                      ; - (reexecute) kotlin.jvm.internal.Intrinsics::throwJavaNpe@13 (line 45)
                      ; - kotlin.jvm.internal.Intrinsics::checkNotNull@4 (line 25)
                      ; - kotlin.SynchronizedLazyImpl::getValue@48 (line 86)
  0x00000257c1eb0694: 4806 488d | 8424 8800 | 0000 4889 

  0x00000257c1eb06a0: ;   {runtime_call monitorexit_nofpu Runtime1 stub}
  0x00000257c1eb06a0: 0424 e859 | bc48 06e9 | a5fe ffff | 498b 87f8 | 0400 0049 | c787 f804 | 0000 0000 | 0000 49c7 
  0x00000257c1eb06c0: 8700 0500 | 0000 0000 | 0048 81c4 | a000 0000 

  0x00000257c1eb06d0: ;   {runtime_call unwind_exception Runtime1 stub}
  0x00000257c1eb06d0: 5de9 2a77 | 4806 f4f4 
[Stub Code]
  0x00000257c1eb06d8: ;   {no_reloc}
  0x00000257c1eb06d8: 0f1f 4400 

  0x00000257c1eb06dc: ;   {static_stub}
  0x00000257c1eb06dc: 0048 bb00 | 0000 0000 

  0x00000257c1eb06e4: ;   {runtime_call nmethod}
  0x00000257c1eb06e4: 0000 00e9 | fbff ffff 

  0x00000257c1eb06ec: ;   {static_stub}
  0x00000257c1eb06ec: 48bb 0000 | 0000 0000 

  0x00000257c1eb06f4: ;   {runtime_call nmethod}
  0x00000257c1eb06f4: 0000 e9fb 

  0x00000257c1eb06f8: ;   {static_stub}
  0x00000257c1eb06f8: ffff ff48 | bb00 0000 | 0000 0000 

  0x00000257c1eb0704: ;   {runtime_call nmethod}
  0x00000257c1eb0704: 00e9 fbff 

  0x00000257c1eb0708: ;   {static_stub}
  0x00000257c1eb0708: ffff 48bb | 0000 0000 | 0000 0000 

  0x00000257c1eb0714: ;   {runtime_call nmethod}
  0x00000257c1eb0714: e9fb ffff 

  0x00000257c1eb0718: ;   {runtime_call handle_exception_from_callee Runtime1 stub}
  0x00000257c1eb0718: ffe8 e2a3 

  0x00000257c1eb071c: ;   {external_word}
  0x00000257c1eb071c: 4806 48b9 | 7061 f026 | ff7f 0000 | 4883 e4f0 

  0x00000257c1eb072c: ;   {runtime_call}
  0x00000257c1eb072c: 48b8 10cd | be26 ff7f | 0000 ffd0 

  0x00000257c1eb0738: ;   {section_word}
  0x00000257c1eb0738: f449 ba39 | 07eb c157 | 0200 0041 

  0x00000257c1eb0744: ;   {runtime_call DeoptimizationBlob}
  0x00000257c1eb0744: 52e9 5636 | 3e06 f4f4 | f4f4 f4f4 
[/MachCode]


Compiled method (c1) 15160 8610   !   3       org.gradle.api.internal.provider.DefaultProvider::calculateOwnValue (60 bytes)
 total in heap  [0x00000257c1bfc290,0x00000257c1bfdac0] = 6192
 relocation     [0x00000257c1bfc3f0,0x00000257c1bfc560] = 368
 main code      [0x00000257c1bfc560,0x00000257c1bfd270] = 3344
 stub code      [0x00000257c1bfd270,0x00000257c1bfd328] = 184
 oops           [0x00000257c1bfd328,0x00000257c1bfd340] = 24
 metadata       [0x00000257c1bfd340,0x00000257c1bfd3d0] = 144
 scopes data    [0x00000257c1bfd3d0,0x00000257c1bfd5f8] = 552
 scopes pcs     [0x00000257c1bfd5f8,0x00000257c1bfd858] = 608
 dependencies   [0x00000257c1bfd858,0x00000257c1bfd880] = 40
 handler table  [0x00000257c1bfd880,0x00000257c1bfda78] = 504
 nul chk table  [0x00000257c1bfda78,0x00000257c1bfdac0] = 72

[Constant Pool (empty)]

[MachCode]
[Entry Point]
  # {method} {0x00000257ddc51228} 'calculateOwnValue' '(Lorg/gradle/api/internal/provider/ValueSupplier$ValueConsumer;)Lorg/gradle/api/internal/provider/ValueSupplier$Value;' in 'org/gradle/api/internal/provider/DefaultProvider'
  # this:     rdx:rdx   = 'org/gradle/api/internal/provider/DefaultProvider'
  # parm0:    r8:r8     = 'org/gradle/api/internal/provider/ValueSupplier$ValueConsumer'
  #           [sp+0xd0]  (sp of caller)
  0x00000257c1bfc560: 448b 5208 | 49bb 0000 | 0000 0800 | 0000 4d03 | d34c 3bd0 

  0x00000257c1bfc574: ;   {runtime_call ic_miss_stub}
  0x00000257c1bfc574: 0f85 061f | 6906 660f | 1f44 0000 
[Verified Entry Point]
  0x00000257c1bfc580: 8984 2400 | 80ff ff55 | 4881 ecc0 | 0000 0090 | 4181 7f20 | 0500 0000 

  0x00000257c1bfc598: ;   {runtime_call StubRoutines (final stubs)}
  0x00000257c1bfc598: 7405 e841 | 1268 0648 | 8994 2490 

  0x00000257c1bfc5a4: ;   {metadata(method data for {method} {0x00000257ddc51228} 'calculateOwnValue' '(Lorg/gradle/api/internal/provider/ValueSupplier$ValueConsumer;)Lorg/gradle/api/internal/provider/ValueSupplier$Value;' in 'org/gradle/api/internal/provider/DefaultProvider')}
  0x00000257c1bfc5a4: 0000 0048 | beb0 7818 | e957 0200 | 008b becc | 0000 0083 | c702 89be | cc00 0000 | 81e7 fe07 
  0x00000257c1bfc5c4: 0000 85ff | 0f84 2e0a | 0000 488b 

  0x00000257c1bfc5d0: ;   {metadata(method data for {method} {0x00000257ddc51228} 'calculateOwnValue' '(Lorg/gradle/api/internal/provider/ValueSupplier$ValueConsumer;)Lorg/gradle/api/internal/provider/ValueSupplier$Value;' in 'org/gradle/api/internal/provider/DefaultProvider')}
  0x00000257c1bfc5d0: f248 bfb0 | 7818 e957 | 0200 008b | 7608 49ba | 0000 0000 | 0800 0000 | 4903 f248 | 3bb7 2001 
  0x00000257c1bfc5f0: 0000 750d | 4883 8728 | 0100 0001 | e960 0000 | 0048 3bb7 | 3001 0000 | 750d 4883 | 8738 0100 
  0x00000257c1bfc610: 0001 e94a | 0000 0048 | 83bf 2001 | 0000 0075 | 1748 89b7 | 2001 0000 | 48c7 8728 | 0100 0001 
  0x00000257c1bfc630: 0000 00e9 | 2900 0000 | 4883 bf30 | 0100 0000 | 7517 4889 | b730 0100 | 0048 c787 | 3801 0000 
  0x00000257c1bfc650: 0100 0000 | e908 0000 | 0048 8387 | 1001 0000 

  0x00000257c1bfc660: ;   {metadata(method data for {method} {0x00000257db4d8908} 'openScope' '()Lorg/gradle/internal/evaluation/EvaluationScopeContext;' in 'org/gradle/api/internal/provider/AbstractMinimalProvider')}
  0x00000257c1bfc660: 0148 be28 | f66e dd57 | 0200 008b | becc 0000 | 0083 c702 | 89be cc00 | 0000 81e7 | feff 1f00 
  0x00000257c1bfc680: 85ff 0f84 | 9509 0000 

  0x00000257c1bfc688: ;   {metadata(method data for {method} {0x00000257db4d8908} 'openScope' '()Lorg/gradle/internal/evaluation/EvaluationScopeContext;' in 'org/gradle/api/internal/provider/AbstractMinimalProvider')}
  0x00000257c1bfc688: 48be 28f6 | 6edd 5702 | 0000 4883 | 8610 0100 

  0x00000257c1bfc698: ;   {metadata(method data for {method} {0x00000257dc6c7df0} 'current' '()Lorg/gradle/internal/evaluation/EvaluationContext;' in 'org/gradle/internal/evaluation/EvaluationContext')}
  0x00000257c1bfc698: 0001 48be | c0f7 6edd | 5702 0000 | 8bbe cc00 | 0000 83c7 | 0289 becc | 0000 0081 | e7fe ff1f 
  0x00000257c1bfc6b8: 0085 ff0f | 847d 0900 

  0x00000257c1bfc6c0: ;   {oop(a 'org/gradle/internal/evaluation/EvaluationContext'{0x0000000701c859e8})}
  0x00000257c1bfc6c0: 0048 bee8 | 59c8 0107 | 0000 0048 

  0x00000257c1bfc6cc: ;   {metadata(method data for {method} {0x00000257db4d8908} 'openScope' '()Lorg/gradle/internal/evaluation/EvaluationScopeContext;' in 'org/gradle/api/internal/provider/AbstractMinimalProvider')}
  0x00000257c1bfc6cc: 8bfe 48bb | 28f6 6edd | 5702 0000 | 4883 8320 | 0100 0001 

  0x00000257c1bfc6e0: ;   {metadata(method data for {method} {0x00000257dc6c8008} 'open' '(Lorg/gradle/internal/evaluation/EvaluationOwner;)Lorg/gradle/internal/evaluation/EvaluationScopeContext;' in 'org/gradle/internal/evaluation/EvaluationContext')}
  0x00000257c1bfc6e0: 48bf e8f8 | 6edd 5702 | 0000 8b9f | cc00 0000 | 83c3 0289 | 9fcc 0000 | 0081 e3fe | ff1f 0085 
  0x00000257c1bfc700: db0f 8458 | 0900 0048 

  0x00000257c1bfc708: ;   {metadata(method data for {method} {0x00000257dc6c8008} 'open' '(Lorg/gradle/internal/evaluation/EvaluationOwner;)Lorg/gradle/internal/evaluation/EvaluationScopeContext;' in 'org/gradle/internal/evaluation/EvaluationContext')}
  0x00000257c1bfc708: 8bfe 48bb | e8f8 6edd | 5702 0000 | 4883 8310 | 0100 0001 

  0x00000257c1bfc71c: ;   {metadata(method data for {method} {0x00000257dc6c8640} 'getContext' '()Lorg/gradle/internal/evaluation/EvaluationContext$PerThreadContext;' in 'org/gradle/internal/evaluation/EvaluationContext')}
  0x00000257c1bfc71c: 48bf 88fa | 6edd 5702 | 0000 8b9f | cc00 0000 | 83c3 0289 | 9fcc 0000 | 0081 e3fe | ff1f 0085 
  0x00000257c1bfc73c: db0f 843d | 0900 008b | 760c 48c1 | e603 483b | 0648 8bfe 

  0x00000257c1bfc750: ;   {metadata(method data for {method} {0x00000257dc6c8640} 'getContext' '()Lorg/gradle/internal/evaluation/EvaluationContext$PerThreadContext;' in 'org/gradle/internal/evaluation/EvaluationContext')}
  0x00000257c1bfc750: 48bb 88fa | 6edd 5702 | 0000 8b7f | 0849 ba00 | 0000 0008 | 0000 0049 | 03fa 483b | bb20 0100 
  0x00000257c1bfc770: 0075 0d48 | 8383 2801 | 0000 01e9 | 6000 0000 | 483b bb30 | 0100 0075 | 0d48 8383 | 3801 0000 
  0x00000257c1bfc790: 01e9 4a00 | 0000 4883 | bb20 0100 | 0000 7517 | 4889 bb20 | 0100 0048 | c783 2801 | 0000 0100 
  0x00000257c1bfc7b0: 0000 e929 | 0000 0048 | 83bb 3001 | 0000 0075 | 1748 89bb | 3001 0000 | 48c7 8338 | 0100 0001 
  0x00000257c1bfc7d0: 0000 00e9 | 0800 0000 | 4883 8310 | 0100 0001 | 488b d666 | 9048 b818 | e026 0008 

  0x00000257c1bfc7ec: ;   {virtual_call}
  0x00000257c1bfc7ec: 0000 00e8 

  0x00000257c1bfc7f0: ; ImmutableOopMap {[144]=Oop }
                      ;*invokevirtual get {reexecute=0 rethrow=0 return_oop=0}
                      ; - org.gradle.internal.evaluation.EvaluationContext::getContext@4 (line 130)
                      ; - org.gradle.internal.evaluation.EvaluationContext::open@1 (line 53)
                      ; - org.gradle.api.internal.provider.AbstractMinimalProvider::openScope@4 (line 218)
                      ; - org.gradle.api.internal.provider.DefaultProvider::calculateOwnValue@1 (line 72)
  0x00000257c1bfc7f0: cc55 f306 

  0x00000257c1bfc7f4: ;   {other}
  0x00000257c1bfc7f4: 0f1f 8400 | 6405 0000 | 4885 c075 

  0x00000257c1bfc800: ;   {metadata(method data for {method} {0x00000257dc6c8640} 'getContext' '()Lorg/gradle/internal/evaluation/EvaluationContext$PerThreadContext;' in 'org/gradle/internal/evaluation/EvaluationContext')}
  0x00000257c1bfc800: 1648 ba88 | fa6e dd57 | 0200 0080 | 8a41 0100 | 0001 e9cd 

  0x00000257c1bfc814: ;   {metadata('org/gradle/internal/evaluation/EvaluationContext$PerThreadContext')}
  0x00000257c1bfc814: 0000 0048 | bf70 7d6c | 0008 0000 | 0044 8b40 | 0849 ba00 | 0000 0008 | 0000 004d | 03c2 493b 
  0x00000257c1bfc834: f80f 858d 

  0x00000257c1bfc838: ;   {metadata(method data for {method} {0x00000257dc6c8640} 'getContext' '()Lorg/gradle/internal/evaluation/EvaluationContext$PerThreadContext;' in 'org/gradle/internal/evaluation/EvaluationContext')}
  0x00000257c1bfc838: 0000 0048 | ba88 fa6e | dd57 0200 | 008b 7808 | 49ba 0000 | 0000 0800 | 0000 4903 | fa48 3bba 
  0x00000257c1bfc858: 5801 0000 | 750d 4883 | 8260 0100 | 0001 e979 | 0000 0048 | 3bba 6801 | 0000 750d | 4883 8270 
  0x00000257c1bfc878: 0100 0001 | e963 0000 | 0048 83ba | 5801 0000 | 0075 1748 | 89ba 5801 | 0000 48c7 | 8260 0100 
  0x00000257c1bfc898: 0001 0000 | 00e9 4200 | 0000 4883 | ba68 0100 | 0000 7517 | 4889 ba68 | 0100 0048 | c782 7001 
  0x00000257c1bfc8b8: 0000 0100 | 0000 e921 | 0000 00e9 | 1c00 0000 

  0x00000257c1bfc8c8: ;   {metadata(method data for {method} {0x00000257dc6c8640} 'getContext' '()Lorg/gradle/internal/evaluation/EvaluationContext$PerThreadContext;' in 'org/gradle/internal/evaluation/EvaluationContext')}
  0x00000257c1bfc8c8: 48ba 88fa | 6edd 5702 | 0000 4883 | aa48 0100 | 0001 e9cc | 0700 00e9 | 0000 0000 | 488b f048 
  0x00000257c1bfc8e8: 89b4 2498 | 0000 0048 | 3b06 4c8b 

  0x00000257c1bfc8f4: ;   {metadata(method data for {method} {0x00000257dc6c8008} 'open' '(Lorg/gradle/internal/evaluation/EvaluationOwner;)Lorg/gradle/internal/evaluation/EvaluationScopeContext;' in 'org/gradle/internal/evaluation/EvaluationContext')}
  0x00000257c1bfc8f4: c648 bae8 | f86e dd57 | 0200 0048 | 8382 2001 

  0x00000257c1bfc904: ;   {metadata(method data for {method} {0x00000257dc6c9a68} 'open' '(Lorg/gradle/internal/evaluation/EvaluationOwner;)Lorg/gradle/internal/evaluation/EvaluationContext$PerThreadContext;' in 'org/gradle/internal/evaluation/EvaluationContext$PerThreadContext')}
  0x00000257c1bfc904: 0000 0149 | b848 fc6e | dd57 0200 | 0041 8b90 | cc00 0000 | 83c2 0241 | 8990 cc00 | 0000 81e2 
  0x00000257c1bfc924: feff 1f00 | 85d2 0f84 | 8907 0000 

  0x00000257c1bfc930: ;   {metadata(method data for {method} {0x00000257dc6c9a68} 'open' '(Lorg/gradle/internal/evaluation/EvaluationOwner;)Lorg/gradle/internal/evaluation/EvaluationContext$PerThreadContext;' in 'org/gradle/internal/evaluation/EvaluationContext$PerThreadContext')}
  0x00000257c1bfc930: 4c8b c648 | ba48 fc6e | dd57 0200 | 0048 8382 | 1001 0000 

  0x00000257c1bfc944: ;   {metadata(method data for {method} {0x00000257dc6c9d20} 'isInScope' '(Lorg/gradle/internal/evaluation/EvaluationOwner;)Z' in 'org/gradle/internal/evaluation/EvaluationContext$PerThreadContext')}
  0x00000257c1bfc944: 0149 b840 | fe6e dd57 | 0200 0041 | 8b90 cc00 | 0000 83c2 | 0241 8990 | cc00 0000 | 81e2 feff 
  0x00000257c1bfc964: 1f00 85d2 | 0f84 6c07 | 0000 4c8b 

  0x00000257c1bfc970: ;   {metadata(method data for {method} {0x00000257dc6c9d20} 'isInScope' '(Lorg/gradle/internal/evaluation/EvaluationOwner;)Z' in 'org/gradle/internal/evaluation/EvaluationContext$PerThreadContext')}
  0x00000257c1bfc970: c648 ba40 | fe6e dd57 | 0200 0048 | 8382 1001 

  0x00000257c1bfc980: ;   {metadata(method data for {method} {0x00000257dc6ca060} 'indexOf' '(Lorg/gradle/internal/evaluation/EvaluationOwner;)I' in 'org/gradle/internal/evaluation/EvaluationContext$PerThreadContext')}
  0x00000257c1bfc980: 0000 0149 | b800 d470 | dd57 0200 | 0041 8b90 | cc00 0000 | 83c2 0241 | 8990 cc00 | 0000 81e2 
  0x00000257c1bfc9a0: feff 1f00 | 85d2 0f84 | 4f07 0000 | 8b56 0c48 | c1e2 0348 | 3b02 4c8b 

  0x00000257c1bfc9b8: ;   {metadata(method data for {method} {0x00000257dc6ca060} 'indexOf' '(Lorg/gradle/internal/evaluation/EvaluationOwner;)I' in 'org/gradle/internal/evaluation/EvaluationContext$PerThreadContext')}
  0x00000257c1bfc9b8: c248 bf00 | d470 dd57 | 0200 0048 | 8387 2801 | 0000 014c | 8b84 2490 | 0000 000f 

  0x00000257c1bfc9d4: ;   {optimized virtual_call}
  0x00000257c1bfc9d4: 1f40 00e8 

  0x00000257c1bfc9d8: ; ImmutableOopMap {[144]=Oop [152]=Oop }
                      ;*invokevirtual indexOf {reexecute=0 rethrow=0 return_oop=0}
                      ; - org.gradle.internal.evaluation.EvaluationContext$PerThreadContext::indexOf@5 (line 222)
                      ; - org.gradle.internal.evaluation.EvaluationContext$PerThreadContext::isInScope@2 (line 199)
                      ; - org.gradle.internal.evaluation.EvaluationContext$PerThreadContext::open@2 (line 176)
                      ; - org.gradle.internal.evaluation.EvaluationContext::open@5 (line 53)
                      ; - org.gradle.api.internal.provider.AbstractMinimalProvider::openScope@4 (line 218)
                      ; - org.gradle.api.internal.provider.DefaultProvider::calculateOwnValue@1 (line 72)
  0x00000257c1bfc9d8: e413 c106 

  0x00000257c1bfc9dc: ;   {other}
  0x00000257c1bfc9dc: 0f1f 8400 | 4c07 0001 

  0x00000257c1bfc9e4: ;   {metadata(method data for {method} {0x00000257dc6c9d20} 'isInScope' '(Lorg/gradle/internal/evaluation/EvaluationOwner;)Z' in 'org/gradle/internal/evaluation/EvaluationContext$PerThreadContext')}
  0x00000257c1bfc9e4: 83f8 ff49 | b840 fe6e | dd57 0200 | 0048 c7c2 | 2001 0000 | 7407 48c7 | c230 0100 | 0049 8b34 
  0x00000257c1bfca04: 1048 8d76 | 0149 8934 | 100f 841c 

  0x00000257c1bfca10: ;   {metadata(method data for {method} {0x00000257dc6c9d20} 'isInScope' '(Lorg/gradle/internal/evaluation/EvaluationOwner;)Z' in 'org/gradle/internal/evaluation/EvaluationContext$PerThreadContext')}
  0x00000257c1bfca10: 0000 0049 | b840 fe6e | dd57 0200 | 0041 ff80 | 4001 0000 | 41b8 0100 | 0000 e906 | 0000 0041 
  0x00000257c1bfca30: b800 0000 | 0041 83e0 | 0145 85c0 

  0x00000257c1bfca3c: ;   {metadata(method data for {method} {0x00000257dc6c9a68} 'open' '(Lorg/gradle/internal/evaluation/EvaluationOwner;)Lorg/gradle/internal/evaluation/EvaluationContext$PerThreadContext;' in 'org/gradle/internal/evaluation/EvaluationContext$PerThreadContext')}
  0x00000257c1bfca3c: 49b8 48fc | 6edd 5702 | 0000 48c7 | c258 0100 | 0075 0748 | c7c2 4801 | 0000 498b | 3410 488d 
  0x00000257c1bfca5c: 7601 4989 | 3410 488b | b424 9800 | 0000 0f85 | 5304 0000 | 8b56 0c48 | c1e2 0348 | 3b02 4c8b 
  0x00000257c1bfca7c: ;   {metadata(method data for {method} {0x00000257dc6c9a68} 'open' '(Lorg/gradle/internal/evaluation/EvaluationOwner;)Lorg/gradle/internal/evaluation/EvaluationContext$PerThreadContext;' in 'org/gradle/internal/evaluation/EvaluationContext$PerThreadContext')}
  0x00000257c1bfca7c: c248 bf48 | fc6e dd57 | 0200 0048 | 8387 9001 | 0000 014c | 8b84 2490 

  0x00000257c1bfca94: ;   {optimized virtual_call}
  0x00000257c1bfca94: 0000 00e8 

  0x00000257c1bfca98: ; ImmutableOopMap {[144]=Oop [152]=Oop }
                      ;*invokevirtual add {reexecute=0 rethrow=0 return_oop=0}
                      ; - org.gradle.internal.evaluation.EvaluationContext$PerThreadContext::open@19 (line 179)
                      ; - org.gradle.internal.evaluation.EvaluationContext::open@5 (line 53)
                      ; - org.gradle.api.internal.provider.AbstractMinimalProvider::openScope@4 (line 218)
                      ; - org.gradle.api.internal.provider.DefaultProvider::calculateOwnValue@1 (line 72)
  0x00000257c1bfca98: e400 2107 

  0x00000257c1bfca9c: ;   {other}
  0x00000257c1bfca9c: 0f1f 8400 | 0c08 0002 | 488b 9424 | 9000 0000 | 8b52 0c48 | c1e2 0348 | 3b02 488b 

  0x00000257c1bfcab8: ;   {metadata(method data for {method} {0x00000257ddc51228} 'calculateOwnValue' '(Lorg/gradle/api/internal/provider/ValueSupplier$ValueConsumer;)Lorg/gradle/api/internal/provider/ValueSupplier$Value;' in 'org/gradle/api/internal/provider/DefaultProvider')}
  0x00000257c1bfcab8: f248 bfb0 | 7818 e957 | 0200 008b | 7608 49ba | 0000 0000 | 0800 0000 | 4903 f248 | 3bb7 5801 
  0x00000257c1bfcad8: 0000 750d | 4883 8760 | 0100 0001 | e960 0000 | 0048 3bb7 | 6801 0000 | 750d 4883 | 8770 0100 
  0x00000257c1bfcaf8: 0001 e94a | 0000 0048 | 83bf 5801 | 0000 0075 | 1748 89b7 | 5801 0000 | 48c7 8760 | 0100 0001 
  0x00000257c1bfcb18: 0000 00e9 | 2900 0000 | 4883 bf68 | 0100 0000 | 7517 4889 | b768 0100 | 0048 c787 | 7001 0000 
  0x00000257c1bfcb38: 0100 0000 | e908 0000 | 0048 8387 | 4801 0000 | 010f 1f40 | 0048 b820 | 82dc e157 

  0x00000257c1bfcb54: ;   {virtual_call}
  0x00000257c1bfcb54: 0200 00e8 

  0x00000257c1bfcb58: ; ImmutableOopMap {[152]=Oop }
                      ;*invokeinterface call {reexecute=0 rethrow=0 return_oop=0}
                      ; - org.gradle.api.internal.provider.DefaultProvider::calculateOwnValue@9 (line 73)
  0x00000257c1bfcb58: 34bb 7406 

  0x00000257c1bfcb5c: ;   {other}
  0x00000257c1bfcb5c: 0f1f 8400 | cc08 0003 

  0x00000257c1bfcb64: ;   {metadata(method data for {method} {0x00000257ddc51228} 'calculateOwnValue' '(Lorg/gradle/api/internal/provider/ValueSupplier$ValueConsumer;)Lorg/gradle/api/internal/provider/ValueSupplier$Value;' in 'org/gradle/api/internal/provider/DefaultProvider')}
  0x00000257c1bfcb64: 488b d848 | bab0 7818 | e957 0200 | 0048 8382 | 8001 0000 

  0x00000257c1bfcb78: ;   {metadata(method data for {method} {0x00000257db56fb90} 'ofNullable' '(Ljava/lang/Object;)Lorg/gradle/api/internal/provider/ValueSupplier$Value;' in 'org/gradle/api/internal/provider/ValueSupplier$Value')}
  0x00000257c1bfcb78: 0148 ba18 | a9f9 dd57 | 0200 008b | b2cc 0000 | 0083 c602 | 89b2 cc00 | 0000 81e6 | feff 1f00 
  0x00000257c1bfcb98: 85f6 0f84 | 8b05 0000 

  0x00000257c1bfcba0: ;   {metadata(method data for {method} {0x00000257db56fb90} 'ofNullable' '(Ljava/lang/Object;)Lorg/gradle/api/internal/provider/ValueSupplier$Value;' in 'org/gradle/api/internal/provider/ValueSupplier$Value')}
  0x00000257c1bfcba0: 4885 db48 | ba18 a9f9 | dd57 0200 | 0048 c7c6 | 1001 0000 | 7507 48c7 | c620 0100 | 0048 8b3c 
  0x00000257c1bfcbc0: 3248 8d7f | 0148 893c | 320f 8584 

  0x00000257c1bfcbcc: ;   {oop(a 'org/gradle/api/internal/provider/ValueSupplier$Missing'{0x00000007011d8648})}
  0x00000257c1bfcbcc: 0000 0048 | ba48 861d | 0107 0000 | 0048 8bf2 

  0x00000257c1bfcbdc: ;   {metadata(method data for {method} {0x00000257db56fb90} 'ofNullable' '(Ljava/lang/Object;)Lorg/gradle/api/internal/provider/ValueSupplier$Value;' in 'org/gradle/api/internal/provider/ValueSupplier$Value')}
  0x00000257c1bfcbdc: 48bf 18a9 | f9dd 5702 | 0000 4883 | 8748 0100 

  0x00000257c1bfcbec: ;   {metadata(method data for {method} {0x00000257db571ac8} 'asType' '()Lorg/gradle/api/internal/provider/ValueSupplier$Value;' in 'org/gradle/api/internal/provider/ValueSupplier$Missing')}
  0x00000257c1bfcbec: 0001 48be | 686a 71dd | 5702 0000 | 8bbe cc00 | 0000 83c7 | 0289 becc | 0000 0081 | e7fe ff1f 
  0x00000257c1bfcc0c: 0085 ff0f | 8437 0500 

  0x00000257c1bfcc14: ;   {metadata(method data for {method} {0x00000257db571ac8} 'asType' '()Lorg/gradle/api/internal/provider/ValueSupplier$Value;' in 'org/gradle/api/internal/provider/ValueSupplier$Missing')}
  0x00000257c1bfcc14: 0048 be68 | 6a71 dd57 | 0200 0048 | 8386 1001 

  0x00000257c1bfcc24: ;   {metadata(method data for {method} {0x00000257da870d28} 'uncheckedCast' '(Ljava/lang/Object;)Ljava/lang/Object;' in 'org/gradle/internal/Cast')}
  0x00000257c1bfcc24: 0000 0148 | be58 a344 | dc57 0200 | 008b becc | 0000 0083 | c702 89be | cc00 0000 | 81e7 feff 
  0x00000257c1bfcc44: 1f00 85ff | 0f84 1f05 | 0000 e927 

  0x00000257c1bfcc50: ;   {metadata('org/gradle/api/internal/provider/ValueSupplier$Present')}
  0x00000257c1bfcc50: 0100 0048 | bad0 a330 | 0008 0000 | 0049 8b87 | b801 0000 | 488d 7818 | 493b bfc8 | 0100 000f 
  0x00000257c1bfcc70: 8719 0500 | 0049 89bf | b801 0000 | 48c7 0001 | 0000 0048 | 8bca 49ba | 0000 0000 | 0800 0000 
  0x00000257c1bfcc90: 492b ca89 | 4808 4833 | c989 480c | 4833 c948 | 8948 1048 

  0x00000257c1bfcca4: ;   {metadata(method data for {method} {0x00000257db56fb90} 'ofNullable' '(Ljava/lang/Object;)Lorg/gradle/api/internal/provider/ValueSupplier$Value;' in 'org/gradle/api/internal/provider/ValueSupplier$Value')}
  0x00000257c1bfcca4: 8bd0 48be | 18a9 f9dd | 5702 0000 | 4883 8668 | 0100 0001 

  0x00000257c1bfccb8: ;   {metadata(method data for {method} {0x00000257db573808} '<init>' '(Ljava/lang/Object;Lorg/gradle/api/internal/provider/ValueSupplier$1;)V' in 'org/gradle/api/internal/provider/ValueSupplier$Present')}
  0x00000257c1bfccb8: 48ba 1805 | 71dd 5702 | 0000 8bb2 | cc00 0000 | 83c6 0289 | b2cc 0000 | 0081 e6fe | ff1f 0085 
  0x00000257c1bfccd8: f60f 84bc | 0400 0048 

  0x00000257c1bfcce0: ;   {metadata(method data for {method} {0x00000257db573808} '<init>' '(Ljava/lang/Object;Lorg/gradle/api/internal/provider/ValueSupplier$1;)V' in 'org/gradle/api/internal/provider/ValueSupplier$Present')}
  0x00000257c1bfcce0: 8bd0 48be | 1805 71dd | 5702 0000 | 4883 8610 | 0100 0001 

  0x00000257c1bfccf4: ;   {metadata(method data for {method} {0x00000257db5729a0} '<init>' '(Ljava/lang/Object;)V' in 'org/gradle/api/internal/provider/ValueSupplier$Present')}
  0x00000257c1bfccf4: 48ba 6806 | 71dd 5702 | 0000 8bb2 | cc00 0000 | 83c6 0289 | b2cc 0000 | 0081 e6fe | ff1f 0085 
  0x00000257c1bfcd14: f60f 84a1 | 0400 0048 

  0x00000257c1bfcd1c: ;   {metadata(method data for {method} {0x00000257db5729a0} '<init>' '(Ljava/lang/Object;)V' in 'org/gradle/api/internal/provider/ValueSupplier$Present')}
  0x00000257c1bfcd1c: 8bd0 48be | 6806 71dd | 5702 0000 | 4883 8610 | 0100 0001 

  0x00000257c1bfcd30: ;   {metadata(method data for {method} {0x00000257da000638} '<init>' '()V' in 'java/lang/Object')}
  0x00000257c1bfcd30: 48ba 386f | 29da 5702 | 0000 8bb2 | cc00 0000 | 83c6 0289 | b2cc 0000 | 0081 e6fe | ff1f 0085 
  0x00000257c1bfcd50: f60f 8486 | 0400 004c | 8bd3 49c1 | ea03 4489 | 500c 488d | 1048 c1ea | 0948 be00 | 0051 cc57 
  0x00000257c1bfcd70: 0200 00c6 | 0432 0048 | 8bd0 488b | b424 9800 | 0000 4885 

  0x00000257c1bfcd84: ;   {metadata(method data for {method} {0x00000257ddc51228} 'calculateOwnValue' '(Lorg/gradle/api/internal/provider/ValueSupplier$ValueConsumer;)Lorg/gradle/api/internal/provider/ValueSupplier$Value;' in 'org/gradle/api/internal/provider/DefaultProvider')}
  0x00000257c1bfcd84: f648 b8b0 | 7818 e957 | 0200 0048 | c7c7 9001 | 0000 7407 | 48c7 c7a0 | 0100 0048 | 8b1c 3848 
  0x00000257c1bfcda4: 8d5b 0148 | 891c 380f | 84db 0000 | 00e9 9b00 | 0000 488b | b424 9800 | 0000 498b | 87f8 0400 
  0x00000257c1bfcdc4: 004d 33d2 | 4d89 97f8 | 0400 004d | 33d2 4d89 | 9700 0500 | 0048 85f6 

  0x00000257c1bfcddc: ;   {metadata(method data for {method} {0x00000257ddc51228} 'calculateOwnValue' '(Lorg/gradle/api/internal/provider/ValueSupplier$ValueConsumer;)Lorg/gradle/api/internal/provider/ValueSupplier$Value;' in 'org/gradle/api/internal/provider/DefaultProvider')}
  0x00000257c1bfcddc: 48ba b078 | 18e9 5702 | 0000 48c7 | c7e8 0100 | 0074 0748 | c7c7 f801 | 0000 488b | 1c3a 488d 
  0x00000257c1bfcdfc: 5b01 4889 | 1c3a 0f84 | 5401 0000 | 4889 8424 | a000 0000 

  0x00000257c1bfce10: ;   {metadata(method data for {method} {0x00000257ddc51228} 'calculateOwnValue' '(Lorg/gradle/api/internal/provider/ValueSupplier$ValueConsumer;)Lorg/gradle/api/internal/provider/ValueSupplier$Value;' in 'org/gradle/api/internal/provider/DefaultProvider')}
  0x00000257c1bfce10: 488b d648 | bfb0 7818 | e957 0200 

  0x00000257c1bfce1c: ;   {metadata('org/gradle/internal/evaluation/EvaluationContext$PerThreadContext')}
  0x00000257c1bfce1c: 0049 ba70 | 7d6c 0008 | 0000 004c | 8997 1802 | 0000 4883 | 8720 0200 | 0001 488b | d666 0f1f 
  0x00000257c1bfce3c: ;   {optimized virtual_call}
  0x00000257c1bfce3c: 4400 00e8 

  0x00000257c1bfce40: ; ImmutableOopMap {[160]=Oop }
                      ;*invokeinterface close {reexecute=0 rethrow=0 return_oop=0}
                      ; - org.gradle.api.internal.provider.DefaultProvider::calculateOwnValue@36 (line 72)
  0x00000257c1bfce40: 3c19 6906 

  0x00000257c1bfce44: ;   {other}
  0x00000257c1bfce44: 0f1f 8400 | b40b 0004 | e954 0000 | 0048 8994 | 24a8 0000 | 0048 8bfe 

  0x00000257c1bfce5c: ;   {metadata(method data for {method} {0x00000257ddc51228} 'calculateOwnValue' '(Lorg/gradle/api/internal/provider/ValueSupplier$ValueConsumer;)Lorg/gradle/api/internal/provider/ValueSupplier$Value;' in 'org/gradle/api/internal/provider/DefaultProvider')}
  0x00000257c1bfce5c: 48bb b078 | 18e9 5702 | 0000 4883 | 83c8 0100 | 0001 488b | d666 0f1f 

  0x00000257c1bfce74: ;   {optimized virtual_call}
  0x00000257c1bfce74: 4400 00e8 

  0x00000257c1bfce78: ; ImmutableOopMap {[168]=Oop }
                      ;*invokeinterface close {reexecute=0 rethrow=0 return_oop=0}
                      ; - org.gradle.api.internal.provider.DefaultProvider::calculateOwnValue@23 (line 74)
  0x00000257c1bfce78: 6499 ca06 

  0x00000257c1bfce7c: ;   {other}
  0x00000257c1bfce7c: 0f1f 8400 | ec0b 0005 | 488b 9424 | a800 0000 | 488b c248 | 81c4 c000 

  0x00000257c1bfce94: ;   {poll_return}
  0x00000257c1bfce94: 0000 5d49 | 3ba7 4804 | 0000 0f87 | 5a03 0000 

  0x00000257c1bfcea4: ;   {metadata(method data for {method} {0x00000257ddc51228} 'calculateOwnValue' '(Lorg/gradle/api/internal/provider/ValueSupplier$ValueConsumer;)Lorg/gradle/api/internal/provider/ValueSupplier$Value;' in 'org/gradle/api/internal/provider/DefaultProvider')}
  0x00000257c1bfcea4: c349 b8b0 | 7818 e957 | 0200 0041 | ff80 4002 | 0000 488b | 8424 a000 | 0000 e999 | 0000 0048 
  0x00000257c1bfcec4: 8b94 2490 | 0000 004c 

  0x00000257c1bfcecc: ;   {metadata(method data for {method} {0x00000257dc6c9a68} 'open' '(Lorg/gradle/internal/evaluation/EvaluationOwner;)Lorg/gradle/internal/evaluation/EvaluationContext$PerThreadContext;' in 'org/gradle/internal/evaluation/EvaluationContext$PerThreadContext')}
  0x00000257c1bfcecc: 8bc6 48bf | 48fc 6edd | 5702 0000 | 4883 8768 | 0100 0001 | 4c8b c248 

  0x00000257c1bfcee4: ;   {optimized virtual_call}
  0x00000257c1bfcee4: 8bd6 90e8 

  0x00000257c1bfcee8: ; ImmutableOopMap {[144]=Oop }
                      ;*invokespecial prepareException {reexecute=0 rethrow=0 return_oop=0}
                      ; - org.gradle.internal.evaluation.EvaluationContext$PerThreadContext::open@10 (line 177)
                      ; - org.gradle.internal.evaluation.EvaluationContext::open@5 (line 53)
                      ; - org.gradle.api.internal.provider.AbstractMinimalProvider::openScope@4 (line 218)
                      ; - org.gradle.api.internal.provider.DefaultProvider::calculateOwnValue@1 (line 72)
  0x00000257c1bfcee8: 9418 6906 

  0x00000257c1bfceec: ;   {other}
  0x00000257c1bfceec: 0f1f 8400 | 5c0c 0006 

  0x00000257c1bfcef4: ; implicit exception: dispatches to 0x00000257c1bfd214
                      ; ImmutableOopMap {rax=Oop [144]=Oop }
                      ;*athrow {reexecute=1 rethrow=0 return_oop=0}
                      ; - (reexecute) org.gradle.internal.evaluation.EvaluationContext$PerThreadContext::open@13 (line 177)
                      ; - org.gradle.internal.evaluation.EvaluationContext::open@5 (line 53)
                      ; - org.gradle.api.internal.provider.AbstractMinimalProvider::openScope@4 (line 218)
                      ; - org.gradle.api.internal.provider.DefaultProvider::calculateOwnValue@1 (line 72)
                      ;   {section_word}
  0x00000257c1bfcef4: 483b 0048 | baf7 cebf | c157 0200 

  0x00000257c1bfcf00: ;   {runtime_call handle_exception_nofpu Runtime1 stub}
  0x00000257c1bfcf00: 00e8 fad5 | 7306 9049 | 8b87 f804 | 0000 4d33 | d24d 8997 | f804 0000 | 4d33 d24d | 8997 0005 
  0x00000257c1bfcf20: 0000 4c8b | 8424 a000 

  0x00000257c1bfcf28: ;   {metadata(method data for {method} {0x00000257ddc51228} 'calculateOwnValue' '(Lorg/gradle/api/internal/provider/ValueSupplier$ValueConsumer;)Lorg/gradle/api/internal/provider/ValueSupplier$Value;' in 'org/gradle/api/internal/provider/DefaultProvider')}
  0x00000257c1bfcf28: 0000 48ba | b078 18e9 | 5702 0000 | 4883 8258 | 0200 0001 | 4c8b c048 | 8b94 24a0 

  0x00000257c1bfcf44: ;   {optimized virtual_call}
  0x00000257c1bfcf44: 0000 00e8 

  0x00000257c1bfcf48: ; ImmutableOopMap {[160]=Oop }
                      ;*invokevirtual addSuppressed {reexecute=0 rethrow=0 return_oop=0}
                      ; - org.gradle.api.internal.provider.DefaultProvider::calculateOwnValue@49 (line 72)
  0x00000257c1bfcf48: 3418 6906 

  0x00000257c1bfcf4c: ;   {other}
  0x00000257c1bfcf4c: 0f1f 8400 | bc0c 0008 | 488b 8424 

  0x00000257c1bfcf58: ; ImmutableOopMap {rax=Oop }
                      ;*athrow {reexecute=1 rethrow=0 return_oop=0}
                      ; - (reexecute) org.gradle.api.internal.provider.DefaultProvider::calculateOwnValue@53 (line 72)
  0x00000257c1bfcf58: a000 0000 

  0x00000257c1bfcf5c: ;   {section_word}
  0x00000257c1bfcf5c: 48ba 5ccf | bfc1 5702 

  0x00000257c1bfcf64: ;   {runtime_call handle_exception_nofpu Runtime1 stub}
  0x00000257c1bfcf64: 0000 e895 | d573 0690 | 498b 87f8 | 0400 004d | 33d2 4d89 | 97f8 0400 | 004d 33d2 | 4d89 9700 
  0x00000257c1bfcf84: ;   {metadata(method data for {method} {0x00000257ddc51228} 'calculateOwnValue' '(Lorg/gradle/api/internal/provider/ValueSupplier$ValueConsumer;)Lorg/gradle/api/internal/provider/ValueSupplier$Value;' in 'org/gradle/api/internal/provider/DefaultProvider')}
  0x00000257c1bfcf84: 0500 0048 | bab0 7818 | e957 0200 | 0048 8382 | 9002 0000 

  0x00000257c1bfcf98: ;   {metadata(method data for {method} {0x00000257da667e88} 'throwAsUncheckedException' '(Ljava/lang/Throwable;)Ljava/lang/RuntimeException;' in 'org/gradle/internal/UncheckedException')}
  0x00000257c1bfcf98: 0148 bac8 | cb86 dd57 | 0200 0044 | 8b82 cc00 | 0000 4183 | c002 4489 | 82cc 0000 | 0041 81e0 
  0x00000257c1bfcfb8: feff 1f00 | 4585 c00f | 8454 0200 

  0x00000257c1bfcfc4: ;   {metadata(method data for {method} {0x00000257da667e88} 'throwAsUncheckedException' '(Ljava/lang/Throwable;)Ljava/lang/RuntimeException;' in 'org/gradle/internal/UncheckedException')}
  0x00000257c1bfcfc4: 0048 bac8 | cb86 dd57 | 0200 0048 | 8382 1001 | 0000 0148 | 8bd0 41b8 | 0000 0000 | 0f1f 8000 
  0x00000257c1bfcfe4: ;   {static_call}
  0x00000257c1bfcfe4: 0000 00e8 

  0x00000257c1bfcfe8: ; ImmutableOopMap {}
                      ;*invokestatic throwAsUncheckedException {reexecute=0 rethrow=0 return_oop=0}
                      ; - org.gradle.internal.UncheckedException::throwAsUncheckedException@2 (line 42)
                      ; - org.gradle.api.internal.provider.DefaultProvider::calculateOwnValue@56 (line 75)
  0x00000257c1bfcfe8: 941d 6906 

  0x00000257c1bfcfec: ;   {other}
  0x00000257c1bfcfec: 0f1f 8400 | 5c0d 000a 

  0x00000257c1bfcff4: ; implicit exception: dispatches to 0x00000257c1bfd23a
  0x00000257c1bfcff4: 483b 00e9 | 6002 0000 

  0x00000257c1bfcffc: ;   {metadata({method} {0x00000257ddc51228} 'calculateOwnValue' '(Lorg/gradle/api/internal/provider/ValueSupplier$ValueConsumer;)Lorg/gradle/api/internal/provider/ValueSupplier$Value;' in 'org/gradle/api/internal/provider/DefaultProvider')}
  0x00000257c1bfcffc: 49ba 2012 | c5dd 5702 | 0000 4c89 | 5424 0848 | c704 24ff 

  0x00000257c1bfd010: ;   {runtime_call counter_overflow Runtime1 stub}
  0x00000257c1bfd010: ffff ffe8 

  0x00000257c1bfd014: ; ImmutableOopMap {rdx=Oop r8=Oop [144]=Oop }
                      ;*synchronization entry
                      ; - org.gradle.api.internal.provider.DefaultProvider::calculateOwnValue@-1 (line 72)
  0x00000257c1bfd014: e80d 7406 | e9b1 f5ff 

  0x00000257c1bfd01c: ;   {metadata({method} {0x00000257db4d8908} 'openScope' '()Lorg/gradle/internal/evaluation/EvaluationScopeContext;' in 'org/gradle/api/internal/provider/AbstractMinimalProvider')}
  0x00000257c1bfd01c: ff49 ba00 | 894d db57 | 0200 004c | 8954 2408 | 48c7 0424 | ffff ffff 

  0x00000257c1bfd034: ;   {runtime_call counter_overflow Runtime1 stub}
  0x00000257c1bfd034: e8c7 0d74 

  0x00000257c1bfd038: ; ImmutableOopMap {rdx=Oop [144]=Oop }
                      ;*synchronization entry
                      ; - org.gradle.api.internal.provider.AbstractMinimalProvider::openScope@-1 (line 218)
                      ; - org.gradle.api.internal.provider.DefaultProvider::calculateOwnValue@1 (line 72)
  0x00000257c1bfd038: 06e9 4af6 

  0x00000257c1bfd03c: ;   {metadata({method} {0x00000257dc6c7df0} 'current' '()Lorg/gradle/internal/evaluation/EvaluationContext;' in 'org/gradle/internal/evaluation/EvaluationContext')}
  0x00000257c1bfd03c: ffff 49ba | e87d 6cdc | 5702 0000 | 4c89 5424 | 0848 c704 | 24ff ffff 

  0x00000257c1bfd054: ;   {runtime_call counter_overflow Runtime1 stub}
  0x00000257c1bfd054: ffe8 a60d 

  0x00000257c1bfd058: ; ImmutableOopMap {rdx=Oop [144]=Oop }
                      ;*synchronization entry
                      ; - org.gradle.internal.evaluation.EvaluationContext::current@-1 (line 43)
                      ; - org.gradle.api.internal.provider.AbstractMinimalProvider::openScope@0 (line 218)
                      ; - org.gradle.api.internal.provider.DefaultProvider::calculateOwnValue@1 (line 72)
  0x00000257c1bfd058: 7406 e962 

  0x00000257c1bfd05c: ;   {metadata({method} {0x00000257dc6c8008} 'open' '(Lorg/gradle/internal/evaluation/EvaluationOwner;)Lorg/gradle/internal/evaluation/EvaluationScopeContext;' in 'org/gradle/internal/evaluation/EvaluationContext')}
  0x00000257c1bfd05c: f6ff ff49 | ba00 806c | dc57 0200 | 004c 8954 | 2408 48c7 | 0424 ffff 

  0x00000257c1bfd074: ;   {runtime_call counter_overflow Runtime1 stub}
  0x00000257c1bfd074: ffff e885 

  0x00000257c1bfd078: ; ImmutableOopMap {rdx=Oop rsi=Oop [144]=Oop }
                      ;*synchronization entry
                      ; - org.gradle.internal.evaluation.EvaluationContext::open@-1 (line 53)
                      ; - org.gradle.api.internal.provider.AbstractMinimalProvider::openScope@4 (line 218)
                      ; - org.gradle.api.internal.provider.DefaultProvider::calculateOwnValue@1 (line 72)
  0x00000257c1bfd078: 0d74 06e9 | 87f6 ffff 

  0x00000257c1bfd080: ;   {metadata({method} {0x00000257dc6c8640} 'getContext' '()Lorg/gradle/internal/evaluation/EvaluationContext$PerThreadContext;' in 'org/gradle/internal/evaluation/EvaluationContext')}
  0x00000257c1bfd080: 49ba 3886 | 6cdc 5702 | 0000 4c89 | 5424 0848 | c704 24ff 

  0x00000257c1bfd094: ;   {runtime_call counter_overflow Runtime1 stub}
  0x00000257c1bfd094: ffff ffe8 

  0x00000257c1bfd098: ; ImmutableOopMap {rdx=Oop rsi=Oop [144]=Oop }
                      ;*synchronization entry
                      ; - org.gradle.internal.evaluation.EvaluationContext::getContext@-1 (line 130)
                      ; - org.gradle.internal.evaluation.EvaluationContext::open@1 (line 53)
                      ; - org.gradle.api.internal.provider.AbstractMinimalProvider::openScope@4 (line 218)
                      ; - org.gradle.api.internal.provider.DefaultProvider::calculateOwnValue@1 (line 72)
  0x00000257c1bfd098: 640d 7406 | e9a2 f6ff 

  0x00000257c1bfd0a0: ;   {runtime_call throw_null_pointer_exception Runtime1 stub}
  0x00000257c1bfd0a0: ffe8 5abc 

  0x00000257c1bfd0a4: ; ImmutableOopMap {rdx=Oop [144]=Oop }
                      ;*getfield threadLocalContext {reexecute=1 rethrow=0 return_oop=0}
                      ; - (reexecute) org.gradle.internal.evaluation.EvaluationContext::getContext@1 (line 130)
                      ; - org.gradle.internal.evaluation.EvaluationContext::open@1 (line 53)
                      ; - org.gradle.api.internal.provider.AbstractMinimalProvider::openScope@4 (line 218)
                      ; - org.gradle.api.internal.provider.DefaultProvider::calculateOwnValue@1 (line 72)
                      ;   {runtime_call throw_null_pointer_exception Runtime1 stub}
  0x00000257c1bfd0a4: 7306 e855 

  0x00000257c1bfd0a8: ; ImmutableOopMap {rdx=Oop rsi=Oop [144]=Oop }
                      ;*invokevirtual get {reexecute=0 rethrow=0 return_oop=0}
                      ; - org.gradle.internal.evaluation.EvaluationContext::getContext@4 (line 130)
                      ; - org.gradle.internal.evaluation.EvaluationContext::open@1 (line 53)
                      ; - org.gradle.api.internal.provider.AbstractMinimalProvider::openScope@4 (line 218)
                      ; - org.gradle.api.internal.provider.DefaultProvider::calculateOwnValue@1 (line 72)
  0x00000257c1bfd0a8: bc73 0648 

  0x00000257c1bfd0ac: ;   {runtime_call throw_class_cast_exception Runtime1 stub}
  0x00000257c1bfd0ac: 8904 24e8 

  0x00000257c1bfd0b0: ; ImmutableOopMap {[144]=Oop }
                      ;*checkcast {reexecute=0 rethrow=0 return_oop=0}
                      ; - org.gradle.internal.evaluation.EvaluationContext::getContext@7 (line 130)
                      ; - org.gradle.internal.evaluation.EvaluationContext::open@1 (line 53)
                      ; - org.gradle.api.internal.provider.AbstractMinimalProvider::openScope@4 (line 218)
                      ; - org.gradle.api.internal.provider.DefaultProvider::calculateOwnValue@1 (line 72)
  0x00000257c1bfd0b0: 4ce0 7306 

  0x00000257c1bfd0b4: ;   {runtime_call throw_null_pointer_exception Runtime1 stub}
  0x00000257c1bfd0b4: e847 bc73 

  0x00000257c1bfd0b8: ; ImmutableOopMap {rsi=Oop [144]=Oop [152]=Oop }
                      ;*invokevirtual open {reexecute=0 rethrow=0 return_oop=0}
                      ; - org.gradle.internal.evaluation.EvaluationContext::open@5 (line 53)
                      ; - org.gradle.api.internal.provider.AbstractMinimalProvider::openScope@4 (line 218)
                      ; - org.gradle.api.internal.provider.DefaultProvider::calculateOwnValue@1 (line 72)
                      ;   {metadata({method} {0x00000257dc6c9a68} 'open' '(Lorg/gradle/internal/evaluation/EvaluationOwner;)Lorg/gradle/internal/evaluation/EvaluationContext$PerThreadContext;' in 'org/gradle/internal/evaluation/EvaluationContext$PerThreadContext')}
  0x00000257c1bfd0b8: 0649 ba60 | 9a6c dc57 | 0200 004c | 8954 2408 | 48c7 0424 | ffff ffff 

  0x00000257c1bfd0d0: ;   {runtime_call counter_overflow Runtime1 stub}
  0x00000257c1bfd0d0: e82b 0d74 

  0x00000257c1bfd0d4: ; ImmutableOopMap {rsi=Oop [144]=Oop [152]=Oop }
                      ;*synchronization entry
                      ; - org.gradle.internal.evaluation.EvaluationContext$PerThreadContext::open@-1 (line 176)
                      ; - org.gradle.internal.evaluation.EvaluationContext::open@5 (line 53)
                      ; - org.gradle.api.internal.provider.AbstractMinimalProvider::openScope@4 (line 218)
                      ; - org.gradle.api.internal.provider.DefaultProvider::calculateOwnValue@1 (line 72)
  0x00000257c1bfd0d4: 06e9 56f8 

  0x00000257c1bfd0d8: ;   {metadata({method} {0x00000257dc6c9d20} 'isInScope' '(Lorg/gradle/internal/evaluation/EvaluationOwner;)Z' in 'org/gradle/internal/evaluation/EvaluationContext$PerThreadContext')}
  0x00000257c1bfd0d8: ffff 49ba | 189d 6cdc | 5702 0000 | 4c89 5424 | 0848 c704 | 24ff ffff 

  0x00000257c1bfd0f0: ;   {runtime_call counter_overflow Runtime1 stub}
  0x00000257c1bfd0f0: ffe8 0a0d 

  0x00000257c1bfd0f4: ; ImmutableOopMap {rsi=Oop [144]=Oop [152]=Oop }
                      ;*synchronization entry
                      ; - org.gradle.internal.evaluation.EvaluationContext$PerThreadContext::isInScope@-1 (line 199)
                      ; - org.gradle.internal.evaluation.EvaluationContext$PerThreadContext::open@2 (line 176)
                      ; - org.gradle.internal.evaluation.EvaluationContext::open@5 (line 53)
                      ; - org.gradle.api.internal.provider.AbstractMinimalProvider::openScope@4 (line 218)
                      ; - org.gradle.api.internal.provider.DefaultProvider::calculateOwnValue@1 (line 72)
  0x00000257c1bfd0f4: 7406 e973 

  0x00000257c1bfd0f8: ;   {metadata({method} {0x00000257dc6ca060} 'indexOf' '(Lorg/gradle/internal/evaluation/EvaluationOwner;)I' in 'org/gradle/internal/evaluation/EvaluationContext$PerThreadContext')}
  0x00000257c1bfd0f8: f8ff ff49 | ba58 a06c | dc57 0200 | 004c 8954 | 2408 48c7 | 0424 ffff 

  0x00000257c1bfd110: ;   {runtime_call counter_overflow Runtime1 stub}
  0x00000257c1bfd110: ffff e8e9 

  0x00000257c1bfd114: ; ImmutableOopMap {rsi=Oop [144]=Oop [152]=Oop }
                      ;*synchronization entry
                      ; - org.gradle.internal.evaluation.EvaluationContext$PerThreadContext::indexOf@-1 (line 222)
                      ; - org.gradle.internal.evaluation.EvaluationContext$PerThreadContext::isInScope@2 (line 199)
                      ; - org.gradle.internal.evaluation.EvaluationContext$PerThreadContext::open@2 (line 176)
                      ; - org.gradle.internal.evaluation.EvaluationContext::open@5 (line 53)
                      ; - org.gradle.api.internal.provider.AbstractMinimalProvider::openScope@4 (line 218)
                      ; - org.gradle.api.internal.provider.DefaultProvider::calculateOwnValue@1 (line 72)
  0x00000257c1bfd114: 0c74 06e9 | 90f8 ffff 

  0x00000257c1bfd11c: ;   {runtime_call throw_null_pointer_exception Runtime1 stub}
  0x00000257c1bfd11c: e8df bb73 

  0x00000257c1bfd120: ; ImmutableOopMap {rsi=Oop rdx=Oop [144]=Oop [152]=Oop }
                      ;*invokevirtual indexOf {reexecute=0 rethrow=0 return_oop=0}
                      ; - org.gradle.internal.evaluation.EvaluationContext$PerThreadContext::indexOf@5 (line 222)
                      ; - org.gradle.internal.evaluation.EvaluationContext$PerThreadContext::isInScope@2 (line 199)
                      ; - org.gradle.internal.evaluation.EvaluationContext$PerThreadContext::open@2 (line 176)
                      ; - org.gradle.internal.evaluation.EvaluationContext::open@5 (line 53)
                      ; - org.gradle.api.internal.provider.AbstractMinimalProvider::openScope@4 (line 218)
                      ; - org.gradle.api.internal.provider.DefaultProvider::calculateOwnValue@1 (line 72)
                      ;   {runtime_call throw_null_pointer_exception Runtime1 stub}
  0x00000257c1bfd120: 06e8 dabb 

  0x00000257c1bfd124: ; ImmutableOopMap {rsi=Oop rdx=Oop [144]=Oop [152]=Oop }
                      ;*invokevirtual add {reexecute=0 rethrow=0 return_oop=0}
                      ; - org.gradle.internal.evaluation.EvaluationContext$PerThreadContext::open@19 (line 179)
                      ; - org.gradle.internal.evaluation.EvaluationContext::open@5 (line 53)
                      ; - org.gradle.api.internal.provider.AbstractMinimalProvider::openScope@4 (line 218)
                      ; - org.gradle.api.internal.provider.DefaultProvider::calculateOwnValue@1 (line 72)
                      ;   {runtime_call throw_null_pointer_exception Runtime1 stub}
  0x00000257c1bfd124: 7306 e8d5 

  0x00000257c1bfd128: ; ImmutableOopMap {rdx=Oop [152]=Oop }
                      ;*invokeinterface call {reexecute=0 rethrow=0 return_oop=0}
                      ; - org.gradle.api.internal.provider.DefaultProvider::calculateOwnValue@9 (line 73)
                      ;   {metadata({method} {0x00000257db56fb90} 'ofNullable' '(Ljava/lang/Object;)Lorg/gradle/api/internal/provider/ValueSupplier$Value;' in 'org/gradle/api/internal/provider/ValueSupplier$Value')}
  0x00000257c1bfd128: bb73 0649 | ba88 fb56 | db57 0200 | 004c 8954 | 2408 48c7 | 0424 ffff 

  0x00000257c1bfd140: ;   {runtime_call counter_overflow Runtime1 stub}
  0x00000257c1bfd140: ffff e8b9 

  0x00000257c1bfd144: ; ImmutableOopMap {rbx=Oop [152]=Oop }
                      ;*synchronization entry
                      ; - org.gradle.api.internal.provider.ValueSupplier$Value::ofNullable@-1 (line 370)
                      ; - org.gradle.api.internal.provider.DefaultProvider::calculateOwnValue@14 (line 73)
  0x00000257c1bfd144: 0c74 06e9 | 54fa ffff 

  0x00000257c1bfd14c: ;   {metadata({method} {0x00000257db571ac8} 'asType' '()Lorg/gradle/api/internal/provider/ValueSupplier$Value;' in 'org/gradle/api/internal/provider/ValueSupplier$Missing')}
  0x00000257c1bfd14c: 49ba c01a | 57db 5702 | 0000 4c89 | 5424 0848 | c704 24ff 

  0x00000257c1bfd160: ;   {runtime_call counter_overflow Runtime1 stub}
  0x00000257c1bfd160: ffff ffe8 

  0x00000257c1bfd164: ; ImmutableOopMap {rdx=Oop [152]=Oop }
                      ;*synchronization entry
                      ; - org.gradle.api.internal.provider.ValueSupplier$Missing::asType@-1 (line 638)
                      ; - org.gradle.api.internal.provider.ValueSupplier$Value::ofNullable@7 (line 371)
                      ; - org.gradle.api.internal.provider.DefaultProvider::calculateOwnValue@14 (line 73)
  0x00000257c1bfd164: 980c 7406 | e9a8 faff 

  0x00000257c1bfd16c: ;   {metadata({method} {0x00000257da870d28} 'uncheckedCast' '(Ljava/lang/Object;)Ljava/lang/Object;' in 'org/gradle/internal/Cast')}
  0x00000257c1bfd16c: ff49 ba20 | 0d87 da57 | 0200 004c | 8954 2408 | 48c7 0424 | ffff ffff 

  0x00000257c1bfd184: ;   {runtime_call counter_overflow Runtime1 stub}
  0x00000257c1bfd184: e877 0c74 

  0x00000257c1bfd188: ; ImmutableOopMap {rdx=Oop [152]=Oop }
                      ;*synchronization entry
                      ; - org.gradle.internal.Cast::uncheckedCast@-1 (line 73)
                      ; - org.gradle.api.internal.provider.ValueSupplier$Missing::asType@1 (line 638)
                      ; - org.gradle.api.internal.provider.ValueSupplier$Value::ofNullable@7 (line 371)
                      ; - org.gradle.api.internal.provider.DefaultProvider::calculateOwnValue@14 (line 73)
  0x00000257c1bfd188: 06e9 c0fa | ffff 488b 

  0x00000257c1bfd190: ;   {runtime_call fast_new_instance Runtime1 stub}
  0x00000257c1bfd190: d2e8 6ac4 

  0x00000257c1bfd194: ; ImmutableOopMap {rbx=Oop [152]=Oop }
                      ;*new {reexecute=0 rethrow=0 return_oop=0}
                      ; - org.gradle.api.internal.provider.ValueSupplier$Value::ofNullable@13 (line 373)
                      ; - org.gradle.api.internal.provider.DefaultProvider::calculateOwnValue@14 (line 73)
  0x00000257c1bfd194: 7306 e908 

  0x00000257c1bfd198: ;   {metadata({method} {0x00000257db573808} '<init>' '(Ljava/lang/Object;Lorg/gradle/api/internal/provider/ValueSupplier$1;)V' in 'org/gradle/api/internal/provider/ValueSupplier$Present')}
  0x00000257c1bfd198: fbff ff49 | ba00 3857 | db57 0200 | 004c 8954 | 2408 48c7 | 0424 ffff 

  0x00000257c1bfd1b0: ;   {runtime_call counter_overflow Runtime1 stub}
  0x00000257c1bfd1b0: ffff e849 

  0x00000257c1bfd1b4: ; ImmutableOopMap {rbx=Oop rax=Oop [152]=Oop }
                      ;*synchronization entry
                      ; - org.gradle.api.internal.provider.ValueSupplier$Present::<init>@-1 (line 477)
                      ; - org.gradle.api.internal.provider.ValueSupplier$Value::ofNullable@19 (line 373)
                      ; - org.gradle.api.internal.provider.DefaultProvider::calculateOwnValue@14 (line 73)
  0x00000257c1bfd1b4: 0c74 06e9 | 23fb ffff 

  0x00000257c1bfd1bc: ;   {metadata({method} {0x00000257db5729a0} '<init>' '(Ljava/lang/Object;)V' in 'org/gradle/api/internal/provider/ValueSupplier$Present')}
  0x00000257c1bfd1bc: 49ba 9829 | 57db 5702 | 0000 4c89 | 5424 0848 | c704 24ff 

  0x00000257c1bfd1d0: ;   {runtime_call counter_overflow Runtime1 stub}
  0x00000257c1bfd1d0: ffff ffe8 

  0x00000257c1bfd1d4: ; ImmutableOopMap {rbx=Oop rax=Oop [152]=Oop }
                      ;*synchronization entry
                      ; - org.gradle.api.internal.provider.ValueSupplier$Present::<init>@-1 (line 482)
                      ; - org.gradle.api.internal.provider.ValueSupplier$Present::<init>@2 (line 477)
                      ; - org.gradle.api.internal.provider.ValueSupplier$Value::ofNullable@19 (line 373)
                      ; - org.gradle.api.internal.provider.DefaultProvider::calculateOwnValue@14 (line 73)
  0x00000257c1bfd1d4: 280c 7406 | e93e fbff 

  0x00000257c1bfd1dc: ;   {metadata({method} {0x00000257da000638} '<init>' '()V' in 'java/lang/Object')}
  0x00000257c1bfd1dc: ff49 ba30 | 0600 da57 | 0200 004c | 8954 2408 | 48c7 0424 | ffff ffff 

  0x00000257c1bfd1f4: ;   {runtime_call counter_overflow Runtime1 stub}
  0x00000257c1bfd1f4: e807 0c74 

  0x00000257c1bfd1f8: ; ImmutableOopMap {rbx=Oop rax=Oop [152]=Oop }
                      ;*synchronization entry
                      ; - java.lang.Object::<init>@-1
                      ; - org.gradle.api.internal.provider.ValueSupplier$Present::<init>@1 (line 482)
                      ; - org.gradle.api.internal.provider.ValueSupplier$Present::<init>@2 (line 477)
                      ; - org.gradle.api.internal.provider.ValueSupplier$Value::ofNullable@19 (line 373)
                      ; - org.gradle.api.internal.provider.DefaultProvider::calculateOwnValue@14 (line 73)
  0x00000257c1bfd1f8: 06e9 59fb 

  0x00000257c1bfd1fc: ;   {internal_word}
  0x00000257c1bfd1fc: ffff 49ba | 97ce bfc1 | 5702 0000 | 4d89 9760 

  0x00000257c1bfd20c: ;   {runtime_call SafepointBlob}
  0x00000257c1bfd20c: 0400 00e9 | ec78 6906 

  0x00000257c1bfd214: ;   {runtime_call throw_null_pointer_exception Runtime1 stub}
  0x00000257c1bfd214: e8e7 ba73 

  0x00000257c1bfd218: ; ImmutableOopMap {rax=Oop [144]=Oop }
                      ;*athrow {reexecute=1 rethrow=0 return_oop=0}
                      ; - (reexecute) org.gradle.internal.evaluation.EvaluationContext$PerThreadContext::open@13 (line 177)
                      ; - org.gradle.internal.evaluation.EvaluationContext::open@5 (line 53)
                      ; - org.gradle.api.internal.provider.AbstractMinimalProvider::openScope@4 (line 218)
                      ; - org.gradle.api.internal.provider.DefaultProvider::calculateOwnValue@1 (line 72)
                      ;   {metadata({method} {0x00000257da667e88} 'throwAsUncheckedException' '(Ljava/lang/Throwable;)Ljava/lang/RuntimeException;' in 'org/gradle/internal/UncheckedException')}
  0x00000257c1bfd218: 0649 ba80 | 7e66 da57 | 0200 004c | 8954 2408 | 48c7 0424 | ffff ffff 

  0x00000257c1bfd230: ;   {runtime_call counter_overflow Runtime1 stub}
  0x00000257c1bfd230: e8cb 0b74 

  0x00000257c1bfd234: ; ImmutableOopMap {rax=Oop }
                      ;*synchronization entry
                      ; - org.gradle.internal.UncheckedException::throwAsUncheckedException@-1 (line 42)
                      ; - org.gradle.api.internal.provider.DefaultProvider::calculateOwnValue@56 (line 75)
  0x00000257c1bfd234: 06e9 8bfd 

  0x00000257c1bfd238: ;   {runtime_call throw_null_pointer_exception Runtime1 stub}
  0x00000257c1bfd238: ffff e8c1 

  0x00000257c1bfd23c: ; ImmutableOopMap {rax=Oop }
                      ;*athrow {reexecute=1 rethrow=0 return_oop=0}
                      ; - (reexecute) org.gradle.api.internal.provider.DefaultProvider::calculateOwnValue@59 (line 75)
  0x00000257c1bfd23c: ba73 0649 | 8b87 f804 | 0000 49c7 | 87f8 0400 | 0000 0000 | 0049 c787 | 0005 0000 | 0000 0000 
  0x00000257c1bfd25c: 4881 c4c0 | 0000 005d 

  0x00000257c1bfd264: ;   {runtime_call unwind_exception Runtime1 stub}
  0x00000257c1bfd264: e997 ab73 | 06f4 f4f4 | f4f4 f4f4 
[Stub Code]
  0x00000257c1bfd270: ;   {no_reloc}
  0x00000257c1bfd270: 0f1f 4400 

  0x00000257c1bfd274: ;   {static_stub}
  0x00000257c1bfd274: 0048 bb00 | 0000 0000 

  0x00000257c1bfd27c: ;   {runtime_call nmethod}
  0x00000257c1bfd27c: 0000 00e9 | fbff ffff 

  0x00000257c1bfd284: ;   {static_stub}
  0x00000257c1bfd284: 9048 bb00 | 0000 0000 

  0x00000257c1bfd28c: ;   {runtime_call nmethod}
  0x00000257c1bfd28c: 0000 00e9 | fbff ffff 

  0x00000257c1bfd294: ;   {static_stub}
  0x00000257c1bfd294: 9048 bb00 | 0000 0000 

  0x00000257c1bfd29c: ;   {runtime_call nmethod}
  0x00000257c1bfd29c: 0000 00e9 | fbff ffff 

  0x00000257c1bfd2a4: ;   {static_stub}
  0x00000257c1bfd2a4: 9048 bb00 | 0000 0000 

  0x00000257c1bfd2ac: ;   {runtime_call nmethod}
  0x00000257c1bfd2ac: 0000 00e9 | fbff ffff 

  0x00000257c1bfd2b4: ;   {static_stub}
  0x00000257c1bfd2b4: 48bb 0000 | 0000 0000 

  0x00000257c1bfd2bc: ;   {runtime_call nmethod}
  0x00000257c1bfd2bc: 0000 e9fb 

  0x00000257c1bfd2c0: ;   {static_stub}
  0x00000257c1bfd2c0: ffff ff48 | bb00 0000 | 0000 0000 

  0x00000257c1bfd2cc: ;   {runtime_call nmethod}
  0x00000257c1bfd2cc: 00e9 fbff 

  0x00000257c1bfd2d0: ;   {static_stub}
  0x00000257c1bfd2d0: ffff 48bb | 0000 0000 | 0000 0000 

  0x00000257c1bfd2dc: ;   {runtime_call nmethod}
  0x00000257c1bfd2dc: e9fb ffff 

  0x00000257c1bfd2e0: ;   {static_stub}
  0x00000257c1bfd2e0: ff48 bb00 | 0000 0000 

  0x00000257c1bfd2e8: ;   {runtime_call nmethod}
  0x00000257c1bfd2e8: 0000 00e9 | fbff ffff 
[Exception Handler]
  0x00000257c1bfd2f0: ;   {runtime_call handle_exception_from_callee Runtime1 stub}
  0x00000257c1bfd2f0: e80b d873 

  0x00000257c1bfd2f4: ;   {external_word}
  0x00000257c1bfd2f4: 0648 b970 | 61f0 26ff | 7f00 0048 

  0x00000257c1bfd300: ;   {runtime_call}
  0x00000257c1bfd300: 83e4 f048 | b810 cdbe | 26ff 7f00 | 00ff d0f4 
[Deopt Handler Code]
  0x00000257c1bfd310: ;   {section_word}
  0x00000257c1bfd310: 49ba 10d3 | bfc1 5702 | 0000 4152 

  0x00000257c1bfd31c: ;   {runtime_call DeoptimizationBlob}
  0x00000257c1bfd31c: e97f 6a69 | 06f4 f4f4 | f4f4 f4f4 
[/MachCode]


---------------  P R O C E S S  ---------------

Threads class SMR info:
_java_thread_list=0x00000257e6a9d200, length=45, elements={
0x00000257bdbb2b80, 0x00000257de166930, 0x00000257de168860, 0x00000257de1698f0,
0x00000257de17f470, 0x00000257de180230, 0x00000257de198580, 0x00000257de176090,
0x00000257de176700, 0x00000257de198f20, 0x00000257de4856d0, 0x00000257de4f7750,
0x00000257e0abc890, 0x00000257dfa173f0, 0x00000257e11fe050, 0x00000257e093ea40,
0x00000257e08eb540, 0x00000257e11d79c0, 0x00000257e11d8030, 0x00000257e10da520,
0x00000257e10d9e90, 0x00000257e10dabb0, 0x00000257e10d9800, 0x00000257e10db240,
0x00000257e10db8d0, 0x00000257e10d9170, 0x00000257e391b6b0, 0x00000257e391bd40,
0x00000257e391eb30, 0x00000257e391d780, 0x00000257e391e4a0, 0x00000257e391c3d0,
0x00000257e3921fb0, 0x00000257e3920570, 0x00000257e3920c00, 0x00000257e3921920,
0x00000257e3921290, 0x00000257e3922640, 0x00000257e63a28b0, 0x00000257e63a0e70,
0x00000257e63a56a0, 0x00000257e63a5010, 0x00000257e13906a0, 0x00000257e63a3c60,
0x00000257e63a7e00
}

Java Threads: ( => current thread )
  0x00000257bdbb2b80 JavaThread "main"                              [_thread_blocked, id=13324, stack(0x000000f4b3100000,0x000000f4b3200000) (1024K)]
  0x00000257de166930 JavaThread "Common-Cleaner"             daemon [_thread_blocked, id=5380, stack(0x000000f4b3500000,0x000000f4b3600000) (1024K)]
  0x00000257de168860 JavaThread "Reference Handler"          daemon [_thread_blocked, id=15024, stack(0x000000f4b3600000,0x000000f4b3700000) (1024K)]
  0x00000257de1698f0 JavaThread "Finalizer"                  daemon [_thread_blocked, id=14712, stack(0x000000f4b3700000,0x000000f4b3800000) (1024K)]
  0x00000257de17f470 JavaThread "Signal Dispatcher"          daemon [_thread_blocked, id=14828, stack(0x000000f4b3800000,0x000000f4b3900000) (1024K)]
  0x00000257de180230 JavaThread "Attach Listener"            daemon [_thread_blocked, id=14856, stack(0x000000f4b3900000,0x000000f4b3a00000) (1024K)]
  0x00000257de198580 JavaThread "Service Thread"             daemon [_thread_blocked, id=14304, stack(0x000000f4b3a00000,0x000000f4b3b00000) (1024K)]
  0x00000257de176090 JavaThread "Monitor Deflation Thread"   daemon [_thread_blocked, id=7440, stack(0x000000f4b3b00000,0x000000f4b3c00000) (1024K)]
  0x00000257de176700 JavaThread "C2 CompilerThread0"         daemon [_thread_blocked, id=14504, stack(0x000000f4b3c00000,0x000000f4b3d00000) (1024K)]
  0x00000257de198f20 JavaThread "C1 CompilerThread0"         daemon [_thread_blocked, id=11884, stack(0x000000f4b3d00000,0x000000f4b3e00000) (1024K)]
  0x00000257de4856d0 JavaThread "Notification Thread"        daemon [_thread_blocked, id=14896, stack(0x000000f4b3e00000,0x000000f4b3f00000) (1024K)]
  0x00000257de4f7750 JavaThread "C2 CompilerThread1"         daemon [_thread_blocked, id=13524, stack(0x000000f4b3f00000,0x000000f4b4000000) (1024K)]
  0x00000257e0abc890 JavaThread "Daemon health stats"               [_thread_blocked, id=12060, stack(0x000000f4b4500000,0x000000f4b4600000) (1024K)]
  0x00000257dfa173f0 JavaThread "Incoming local TCP Connector on port 62139"        [_thread_in_native, id=14092, stack(0x000000f4b4600000,0x000000f4b4700000) (1024K)]
  0x00000257e11fe050 JavaThread "Daemon periodic checks"            [_thread_blocked, id=15332, stack(0x000000f4b4700000,0x000000f4b4800000) (1024K)]
  0x00000257e093ea40 JavaThread "Daemon"                            [_thread_blocked, id=756, stack(0x000000f4b4800000,0x000000f4b4900000) (1024K)]
  0x00000257e08eb540 JavaThread "Handler for socket connection from /127.0.0.1:62139 to /127.0.0.1:62140"        [_thread_in_native, id=1512, stack(0x000000f4b4900000,0x000000f4b4a00000) (1024K)]
  0x00000257e11d79c0 JavaThread "Cancel handler"                    [_thread_blocked, id=12984, stack(0x000000f4b4a00000,0x000000f4b4b00000) (1024K)]
=>0x00000257e11d8030 JavaThread "Daemon worker"                     [_thread_in_vm, id=14932, stack(0x000000f4b4b00000,0x000000f4b4c00000) (1024K)]
  0x00000257e10da520 JavaThread "Asynchronous log dispatcher for DefaultDaemonConnection: socket connection from /127.0.0.1:62139 to /127.0.0.1:62140"        [_thread_blocked, id=7192, stack(0x000000f4b4c00000,0x000000f4b4d00000) (1024K)]
  0x00000257e10d9e90 JavaThread "Stdin handler"                     [_thread_blocked, id=14008, stack(0x000000f4b4d00000,0x000000f4b4e00000) (1024K)]
  0x00000257e10dabb0 JavaThread "Daemon client event forwarder"        [_thread_blocked, id=10104, stack(0x000000f4b4e00000,0x000000f4b4f00000) (1024K)]
  0x00000257e10d9800 JavaThread "Cache worker for journal cache (C:\Users\User\.gradle\caches\journal-1)"        [_thread_blocked, id=1620, stack(0x000000f4b5200000,0x000000f4b5300000) (1024K)]
  0x00000257e10db240 JavaThread "File lock request listener"        [_thread_in_native, id=14640, stack(0x000000f4b5300000,0x000000f4b5400000) (1024K)]
  0x00000257e10db8d0 JavaThread "Cache worker for file hash cache (C:\Users\User\.gradle\caches\9.5.0\fileHashes)"        [_thread_blocked, id=14496, stack(0x000000f4b5400000,0x000000f4b5500000) (1024K)]
  0x00000257e10d9170 JavaThread "Cache worker for file hash cache (C:\APUMIR\p2p-messenger\android-app\.gradle\9.5.0\fileHashes)"        [_thread_blocked, id=14000, stack(0x000000f4b5500000,0x000000f4b5600000) (1024K)]
  0x00000257e391b6b0 JavaThread "Cache worker for Build Output Cleanup Cache (C:\APUMIR\p2p-messenger\android-app\.gradle\buildOutputCleanup)"        [_thread_blocked, id=5868, stack(0x000000f4b5600000,0x000000f4b5700000) (1024K)]
  0x00000257e391bd40 JavaThread "File watcher server"        daemon [_thread_in_native, id=14400, stack(0x000000f4b5700000,0x000000f4b5800000) (1024K)]
  0x00000257e391eb30 JavaThread "File watcher consumer"      daemon [_thread_blocked, id=8640, stack(0x000000f4b5800000,0x000000f4b5900000) (1024K)]
  0x00000257e391d780 JavaThread "Cache worker for file content cache (C:\Users\User\.gradle\caches\9.5.0\fileContent)"        [_thread_blocked, id=8740, stack(0x000000f4b5900000,0x000000f4b5a00000) (1024K)]
  0x00000257e391e4a0 JavaThread "Cache worker for checksums cache (C:\APUMIR\p2p-messenger\android-app\.gradle\9.5.0\checksums)"        [_thread_blocked, id=8348, stack(0x000000f4b5a00000,0x000000f4b5b00000) (1024K)]
  0x00000257e391c3d0 JavaThread "Cache worker for cache directory md-supplier (C:\Users\User\.gradle\caches\9.5.0\md-supplier)"        [_thread_blocked, id=14700, stack(0x000000f4b5b00000,0x000000f4b5c00000) (1024K)]
  0x00000257e3921fb0 JavaThread "Cache worker for cache directory md-rule (C:\Users\User\.gradle\caches\9.5.0\md-rule)"        [_thread_blocked, id=2860, stack(0x000000f4b5c00000,0x000000f4b5d00000) (1024K)]
  0x00000257e3920570 JavaThread "Build operations"                  [_thread_blocked, id=15060, stack(0x000000f4b5d00000,0x000000f4b5e00000) (1024K)]
  0x00000257e3920c00 JavaThread "Build operations Thread 2"         [_thread_blocked, id=2208, stack(0x000000f4b5e00000,0x000000f4b5f00000) (1024K)]
  0x00000257e3921920 JavaThread "Build operations Thread 3"         [_thread_blocked, id=13372, stack(0x000000f4b5f00000,0x000000f4b6000000) (1024K)]
  0x00000257e3921290 JavaThread "Build operations Thread 4"         [_thread_blocked, id=9464, stack(0x000000f4b6000000,0x000000f4b6100000) (1024K)]
  0x00000257e3922640 JavaThread "Build operations Thread 5"         [_thread_blocked, id=14752, stack(0x000000f4b6100000,0x000000f4b6200000) (1024K)]
  0x00000257e63a28b0 JavaThread "Build operations Thread 6"         [_thread_blocked, id=14724, stack(0x000000f4b6200000,0x000000f4b6300000) (1024K)]
  0x00000257e63a0e70 JavaThread "Build operations Thread 7"         [_thread_blocked, id=14708, stack(0x000000f4b6300000,0x000000f4b6400000) (1024K)]
  0x00000257e63a56a0 JavaThread "Build operations Thread 8"         [_thread_blocked, id=15320, stack(0x000000f4b6400000,0x000000f4b6500000) (1024K)]
  0x00000257e63a5010 JavaThread "Problems report writer"            [_thread_blocked, id=6852, stack(0x000000f4b4000000,0x000000f4b4100000) (1024K)]
  0x00000257e13906a0 JavaThread "C2 CompilerThread2"         daemon [_thread_blocked, id=10928, stack(0x000000f4b6500000,0x000000f4b6600000) (1024K)]
  0x00000257e63a3c60 JavaThread "Memory manager"                    [_thread_blocked, id=14036, stack(0x000000f4b6600000,0x000000f4b6700000) (1024K)]
  0x00000257e63a7e00 JavaThread "build event listener"              [_thread_blocked, id=11644, stack(0x000000f4b6700000,0x000000f4b6800000) (1024K)]
Total: 45

Other Threads:
  0x00000257de130ae0 VMThread "VM Thread"                           [id=13400, stack(0x000000f4b3400000,0x000000f4b3500000) (1024K)] _threads_hazard_ptr=0x00000257e6a9d200
  0x00000257bdc15b00 WatcherThread "VM Periodic Task Thread"        [id=11248, stack(0x000000f4b3300000,0x000000f4b3400000) (1024K)]
  0x00000257bdbca420 WorkerThread "GC Thread#0"                     [id=13892, stack(0x000000f4b3200000,0x000000f4b3300000) (1024K)]
  0x00000257e09d7410 WorkerThread "GC Thread#1"                     [id=12692, stack(0x000000f4b4100000,0x000000f4b4200000) (1024K)]
  0x00000257e09d77b0 WorkerThread "GC Thread#2"                     [id=7568, stack(0x000000f4b4200000,0x000000f4b4300000) (1024K)]
  0x00000257e09d7b50 WorkerThread "GC Thread#3"                     [id=13376, stack(0x000000f4b4300000,0x000000f4b4400000) (1024K)]
  0x00000257e09930a0 WorkerThread "GC Thread#4"                     [id=14188, stack(0x000000f4b4400000,0x000000f4b4500000) (1024K)]
  0x00000257e0e43030 WorkerThread "GC Thread#5"                     [id=13680, stack(0x000000f4b4f00000,0x000000f4b5000000) (1024K)]
  0x00000257e066df50 WorkerThread "GC Thread#6"                     [id=14672, stack(0x000000f4b5000000,0x000000f4b5100000) (1024K)]
  0x00000257e1042f10 WorkerThread "GC Thread#7"                     [id=3928, stack(0x000000f4b5100000,0x000000f4b5200000) (1024K)]
Total: 10

Threads with active compile tasks:
Total: 0

VM state: synchronizing (normal execution)

VM Mutex/Monitor currently owned by a thread:  ([mutex/lock_event])
[0x00007fff271785b8] Threads_lock - owner thread: 0x00000257de130ae0

Heap address: 0x0000000700000000, size: 4096 MB, Compressed Oops mode: Zero based, Oop shift amount: 3

CDS archive(s) not mapped
Compressed class space mapped at: 0x0000000800000000-0x0000000840000000, reserved size: 1073741824
Narrow klass base: 0x0000000800000000, Narrow klass shift: 0, Narrow klass range: 0x40000000

GC Precious Log:
 CardTable entry size: 512
 CPUs: 8 total, 8 available
 Memory: 16343M
 Large Page Support: Disabled
 NUMA Support: Disabled
 Compressed Oops: Enabled (Zero based)
 Alignments: Space 512K, Generation 512K, Heap 2M
 Heap Min Capacity: 8M
 Heap Initial Capacity: 256M
 Heap Max Capacity: 4G
 Pre-touch: Disabled
 Parallel Workers: 8

Heap:
 PSYoungGen      total 165376K, used 43367K [0x00000007aab00000, 0x00000007b6400000, 0x0000000800000000)
  eden space 152576K, 23% used [0x00000007aab00000,0x00000007acdf0ad0,0x00000007b4000000)
  from space 12800K, 59% used [0x00000007b5780000,0x00000007b5ee91c0,0x00000007b6400000)
  to   space 18432K, 0% used [0x00000007b4000000,0x00000007b4000000,0x00000007b5200000)
 ParOldGen       total 175104K, used 82878K [0x0000000700000000, 0x000000070ab00000, 0x00000007aab00000)
  object space 175104K, 47% used [0x0000000700000000,0x00000007050ef958,0x000000070ab00000)
 Metaspace       used 112968K, committed 115136K, reserved 1179648K
  class space    used 15831K, committed 16896K, reserved 1048576K

Card table byte_map: [0x00000257cfd10000,0x00000257d0520000] _byte_map_base: 0x00000257cc510000

Marking Bits: (ParMarkBitMap*) 0x00007fff2717d520
 Begin Bits: [0x00000257d0520000, 0x00000257d4520000)
 End Bits:   [0x00000257d4520000, 0x00000257d8520000)

Polling page: 0x00000257bbab0000

Metaspace:

Usage:
  Non-class:     94.86 MB used.
      Class:     15.46 MB used.
       Both:    110.32 MB used.

Virtual space:
  Non-class space:      128.00 MB reserved,      95.94 MB ( 75%) committed,  2 nodes.
      Class space:        1.00 GB reserved,      16.50 MB (  2%) committed,  1 nodes.
             Both:        1.12 GB reserved,     112.44 MB ( 10%) committed. 

Chunk freelists:
   Non-Class:  110.00 KB
       Class:  15.48 MB
        Both:  15.58 MB

MaxMetaspaceSize: unlimited
CompressedClassSpaceSize: 1.00 GB
Initial GC threshold: 21.00 MB
Current GC threshold: 162.19 MB
CDS: off
 - commit_granule_bytes: 65536.
 - commit_granule_words: 8192.
 - virtual_space_node_default_size: 8388608.
 - enlarge_chunks_in_place: 1.
 - use_allocation_guard: 0.


Internal statistics:

num_allocs_failed_limit: 12.
num_arena_births: 4130.
num_arena_deaths: 0.
num_vsnodes_births: 3.
num_vsnodes_deaths: 0.
num_space_committed: 1799.
num_space_uncommitted: 0.
num_chunks_returned_to_freelist: 12.
num_chunks_taken_from_freelist: 8870.
num_chunk_merges: 12.
num_chunk_splits: 5854.
num_chunks_enlarged: 3749.
num_inconsistent_stats: 0.

CodeHeap 'non-profiled nmethods': size=120000Kb used=7062Kb max_used=7062Kb free=112937Kb
 bounds [0x00000257c87e0000, 0x00000257c8ed0000, 0x00000257cfd10000]
CodeHeap 'profiled nmethods': size=120000Kb used=21636Kb max_used=21636Kb free=98363Kb
 bounds [0x00000257c0d10000, 0x00000257c2240000, 0x00000257c8240000]
CodeHeap 'non-nmethods': size=5760Kb used=1794Kb max_used=1878Kb free=3965Kb
 bounds [0x00000257c8240000, 0x00000257c84b0000, 0x00000257c87e0000]
CodeCache: size=245760Kb, used=30492Kb, max_used=30576Kb, free=215265Kb
 total_blobs=12241, nmethods=11367, adapters=780, full_count=0
Compilation: enabled, stopped_count=0, restarted_count=0

Compilation events (20 events):
Event: 9.856 Thread 0x00000257de198f20 12124       3       com.sun.xml.bind.v2.runtime.NameBuilder::allocIndex (39 bytes)
Event: 9.856 Thread 0x00000257de198f20 nmethod 12124 0x00000257c222df10 code [0x00000257c222e120, 0x00000257c222e858]
Event: 9.856 Thread 0x00000257de198f20 12128       3       com.sun.xml.bind.v2.util.QNameMap::getEntry (105 bytes)
Event: 9.856 Thread 0x00000257de198f20 nmethod 12128 0x00000257c222ea90 code [0x00000257c222ec60, 0x00000257c222ef78]
Event: 9.856 Thread 0x00000257de198f20 12125       3       com.sun.xml.bind.v2.util.QNameMap::put (169 bytes)
Event: 9.856 Thread 0x00000257de198f20 nmethod 12125 0x00000257c222f110 code [0x00000257c222f300, 0x00000257c222f710]
Event: 9.856 Thread 0x00000257de198f20 12127       1       com.sun.xml.bind.v2.runtime.property.PropertyImpl::hasSerializeURIAction (2 bytes)
Event: 9.856 Thread 0x00000257de198f20 nmethod 12127 0x00000257c8eb8d90 code [0x00000257c8eb8f20, 0x00000257c8eb8fe8]
Event: 9.856 Thread 0x00000257de198f20 12126       1       com.sun.xml.bind.v2.model.impl.TypeRefImpl::getDefaultValue (5 bytes)
Event: 9.856 Thread 0x00000257de198f20 nmethod 12126 0x00000257c8eb9090 code [0x00000257c8eb9220, 0x00000257c8eb92f0]
Event: 9.864 Thread 0x00000257e13906a0 12129       4       com.google.common.collect.MapMakerInternalMap$StrongKeyWeakValueEntry$LinkedStrongKeyWeakValueEntry::getNext (5 bytes)
Event: 9.865 Thread 0x00000257e13906a0 nmethod 12129 0x00000257c8eb9390 code [0x00000257c8eb9520, 0x00000257c8eb95b0]
Event: 9.876 Thread 0x00000257de4f7750 nmethod 12078 0x00000257c8eb9990 code [0x00000257c8eb9e20, 0x00000257c8ebd380]
Event: 9.881 Thread 0x00000257de198f20 12131       1       com.sun.org.apache.xerces.internal.utils.XMLSecurityManager$Limit::systemProperty (5 bytes)
Event: 9.881 Thread 0x00000257de198f20 nmethod 12131 0x00000257c8ebf890 code [0x00000257c8ebfa20, 0x00000257c8ebfaf0]
Event: 9.897 Thread 0x00000257de198f20 12132   !   3       java.util.logging.LogManager::ensureLogManagerInitialized (144 bytes)
Event: 9.897 Thread 0x00000257de4f7750 12133       4       java.util.Properties::getProperty (50 bytes)
Event: 9.897 Thread 0x00000257de198f20 nmethod 12132 0x00000257c222f910 code [0x00000257c222fc20, 0x00000257c2230d80]
Event: 9.899 Thread 0x00000257de176700 nmethod 12111 0x00000257c8ebfb90 code [0x00000257c8ec0020, 0x00000257c8ec2f88]
Event: 9.901 Thread 0x00000257de4f7750 nmethod 12133 0x00000257c8ec4e10 code [0x00000257c8ec5000, 0x00000257c8ec5610]

GC Heap History (20 events):
Event: 4.708 GC heap before
{Heap before GC invocations=11 (full 3):
 PSYoungGen      total 72192K, used 62464K [0x00000007aab00000, 0x00000007b0800000, 0x0000000800000000)
  eden space 62464K, 100% used [0x00000007aab00000,0x00000007ae800000,0x00000007ae800000)
  from space 9728K, 0% used [0x00000007ae800000,0x00000007ae800000,0x00000007af180000)
  to   space 16384K, 0% used [0x00000007af800000,0x00000007af800000,0x00000007b0800000)
 ParOldGen       total 175104K, used 32473K [0x0000000700000000, 0x000000070ab00000, 0x00000007aab00000)
  object space 175104K, 18% used [0x0000000700000000,0x0000000701fb6450,0x000000070ab00000)
 Metaspace       used 65153K, committed 66880K, reserved 1114112K
  class space    used 9243K, committed 10048K, reserved 1048576K
}
Event: 4.712 GC heap after
{Heap after GC invocations=11 (full 3):
 PSYoungGen      total 76800K, used 6100K [0x00000007aab00000, 0x00000007b0700000, 0x0000000800000000)
  eden space 61440K, 0% used [0x00000007aab00000,0x00000007aab00000,0x00000007ae700000)
  from space 15360K, 39% used [0x00000007af800000,0x00000007afdf5288,0x00000007b0700000)
  to   space 16384K, 0% used [0x00000007ae700000,0x00000007ae700000,0x00000007af700000)
 ParOldGen       total 175104K, used 32481K [0x0000000700000000, 0x000000070ab00000, 0x00000007aab00000)
  object space 175104K, 18% used [0x0000000700000000,0x0000000701fb8450,0x000000070ab00000)
 Metaspace       used 65153K, committed 66880K, reserved 1114112K
  class space    used 9243K, committed 10048K, reserved 1048576K
}
Event: 5.048 GC heap before
{Heap before GC invocations=12 (full 3):
 PSYoungGen      total 76800K, used 67540K [0x00000007aab00000, 0x00000007b0700000, 0x0000000800000000)
  eden space 61440K, 100% used [0x00000007aab00000,0x00000007ae700000,0x00000007ae700000)
  from space 15360K, 39% used [0x00000007af800000,0x00000007afdf5288,0x00000007b0700000)
  to   space 16384K, 0% used [0x00000007ae700000,0x00000007ae700000,0x00000007af700000)
 ParOldGen       total 175104K, used 32481K [0x0000000700000000, 0x000000070ab00000, 0x00000007aab00000)
  object space 175104K, 18% used [0x0000000700000000,0x0000000701fb8450,0x000000070ab00000)
 Metaspace       used 66396K, committed 68096K, reserved 1114112K
  class space    used 9382K, committed 10176K, reserved 1048576K
}
Event: 5.053 GC heap after
{Heap after GC invocations=12 (full 3):
 PSYoungGen      total 72704K, used 11844K [0x00000007aab00000, 0x00000007b0700000, 0x0000000800000000)
  eden space 60416K, 0% used [0x00000007aab00000,0x00000007aab00000,0x00000007ae600000)
  from space 12288K, 96% used [0x00000007ae700000,0x00000007af291278,0x00000007af300000)
  to   space 16896K, 0% used [0x00000007af680000,0x00000007af680000,0x00000007b0700000)
 ParOldGen       total 175104K, used 32489K [0x0000000700000000, 0x000000070ab00000, 0x00000007aab00000)
  object space 175104K, 18% used [0x0000000700000000,0x0000000701fba450,0x000000070ab00000)
 Metaspace       used 66396K, committed 68096K, reserved 1114112K
  class space    used 9382K, committed 10176K, reserved 1048576K
}
Event: 5.257 GC heap before
{Heap before GC invocations=13 (full 3):
 PSYoungGen      total 72704K, used 72260K [0x00000007aab00000, 0x00000007b0700000, 0x0000000800000000)
  eden space 60416K, 100% used [0x00000007aab00000,0x00000007ae600000,0x00000007ae600000)
  from space 12288K, 96% used [0x00000007ae700000,0x00000007af291278,0x00000007af300000)
  to   space 16896K, 0% used [0x00000007af680000,0x00000007af680000,0x00000007b0700000)
 ParOldGen       total 175104K, used 32489K [0x0000000700000000, 0x000000070ab00000, 0x00000007aab00000)
  object space 175104K, 18% used [0x0000000700000000,0x0000000701fba450,0x000000070ab00000)
 Metaspace       used 66685K, committed 68352K, reserved 1114112K
  class space    used 9382K, committed 10176K, reserved 1048576K
}
Event: 5.264 GC heap after
{Heap after GC invocations=13 (full 3):
 PSYoungGen      total 78336K, used 8704K [0x00000007aab00000, 0x00000007b2880000, 0x0000000800000000)
  eden space 61440K, 0% used [0x00000007aab00000,0x00000007aab00000,0x00000007ae700000)
  from space 16896K, 51% used [0x00000007af680000,0x00000007aff00000,0x00000007b0700000)
  to   space 15872K, 0% used [0x00000007ae700000,0x00000007ae700000,0x00000007af680000)
 ParOldGen       total 175104K, used 37213K [0x0000000700000000, 0x000000070ab00000, 0x00000007aab00000)
  object space 175104K, 21% used [0x0000000700000000,0x0000000702457610,0x000000070ab00000)
 Metaspace       used 66685K, committed 68352K, reserved 1114112K
  class space    used 9382K, committed 10176K, reserved 1048576K
}
Event: 5.516 GC heap before
{Heap before GC invocations=14 (full 3):
 PSYoungGen      total 78336K, used 70144K [0x00000007aab00000, 0x00000007b2880000, 0x0000000800000000)
  eden space 61440K, 100% used [0x00000007aab00000,0x00000007ae700000,0x00000007ae700000)
  from space 16896K, 51% used [0x00000007af680000,0x00000007aff00000,0x00000007b0700000)
  to   space 15872K, 0% used [0x00000007ae700000,0x00000007ae700000,0x00000007af680000)
 ParOldGen       total 175104K, used 37213K [0x0000000700000000, 0x000000070ab00000, 0x00000007aab00000)
  object space 175104K, 21% used [0x0000000700000000,0x0000000702457610,0x000000070ab00000)
 Metaspace       used 67506K, committed 69184K, reserved 1114112K
  class space    used 9505K, committed 10304K, reserved 1048576K
}
Event: 5.521 GC heap after
{Heap after GC invocations=14 (full 3):
 PSYoungGen      total 77312K, used 15841K [0x00000007aab00000, 0x00000007b3500000, 0x0000000800000000)
  eden space 61440K, 0% used [0x00000007aab00000,0x00000007aab00000,0x00000007ae700000)
  from space 15872K, 99% used [0x00000007ae700000,0x00000007af678710,0x00000007af680000)
  to   space 21504K, 0% used [0x00000007b2000000,0x00000007b2000000,0x00000007b3500000)
 ParOldGen       total 175104K, used 46445K [0x0000000700000000, 0x000000070ab00000, 0x00000007aab00000)
  object space 175104K, 26% used [0x0000000700000000,0x0000000702d5b7f0,0x000000070ab00000)
 Metaspace       used 67506K, committed 69184K, reserved 1114112K
  class space    used 9505K, committed 10304K, reserved 1048576K
}
Event: 5.927 GC heap before
{Heap before GC invocations=15 (full 3):
 PSYoungGen      total 77312K, used 77281K [0x00000007aab00000, 0x00000007b3500000, 0x0000000800000000)
  eden space 61440K, 100% used [0x00000007aab00000,0x00000007ae700000,0x00000007ae700000)
  from space 15872K, 99% used [0x00000007ae700000,0x00000007af678710,0x00000007af680000)
  to   space 21504K, 0% used [0x00000007b2000000,0x00000007b2000000,0x00000007b3500000)
 ParOldGen       total 175104K, used 46445K [0x0000000700000000, 0x000000070ab00000, 0x00000007aab00000)
  object space 175104K, 26% used [0x0000000700000000,0x0000000702d5b7f0,0x000000070ab00000)
 Metaspace       used 73735K, committed 75456K, reserved 1114112K
  class space    used 10218K, committed 11072K, reserved 1048576K
}
Event: 5.932 GC heap after
{Heap after GC invocations=15 (full 3):
 PSYoungGen      total 119808K, used 3120K [0x00000007aab00000, 0x00000007b3500000, 0x0000000800000000)
  eden space 98304K, 0% used [0x00000007aab00000,0x00000007aab00000,0x00000007b0b00000)
  from space 21504K, 14% used [0x00000007b2000000,0x00000007b230c2b0,0x00000007b3500000)
  to   space 21504K, 0% used [0x00000007b0b00000,0x00000007b0b00000,0x00000007b2000000)
 ParOldGen       total 175104K, used 62283K [0x0000000700000000, 0x000000070ab00000, 0x00000007aab00000)
  object space 175104K, 35% used [0x0000000700000000,0x0000000703cd2cd0,0x000000070ab00000)
 Metaspace       used 73735K, committed 75456K, reserved 1114112K
  class space    used 10218K, committed 11072K, reserved 1048576K
}
Event: 6.694 GC heap before
{Heap before GC invocations=16 (full 3):
 PSYoungGen      total 119808K, used 101424K [0x00000007aab00000, 0x00000007b3500000, 0x0000000800000000)
  eden space 98304K, 100% used [0x00000007aab00000,0x00000007b0b00000,0x00000007b0b00000)
  from space 21504K, 14% used [0x00000007b2000000,0x00000007b230c2b0,0x00000007b3500000)
  to   space 21504K, 0% used [0x00000007b0b00000,0x00000007b0b00000,0x00000007b2000000)
 ParOldGen       total 175104K, used 62283K [0x0000000700000000, 0x000000070ab00000, 0x00000007aab00000)
  object space 175104K, 35% used [0x0000000700000000,0x0000000703cd2cd0,0x000000070ab00000)
 Metaspace       used 82424K, committed 84288K, reserved 1179648K
  class space    used 11340K, committed 12224K, reserved 1048576K
}
Event: 6.699 GC heap after
{Heap after GC invocations=16 (full 3):
 PSYoungGen      total 119808K, used 7728K [0x00000007aab00000, 0x00000007b6d00000, 0x0000000800000000)
  eden space 98304K, 0% used [0x00000007aab00000,0x00000007aab00000,0x00000007b0b00000)
  from space 21504K, 35% used [0x00000007b0b00000,0x00000007b128c2b8,0x00000007b2000000)
  to   space 20480K, 0% used [0x00000007b5900000,0x00000007b5900000,0x00000007b6d00000)
 ParOldGen       total 175104K, used 65223K [0x0000000700000000, 0x000000070ab00000, 0x00000007aab00000)
  object space 175104K, 37% used [0x0000000700000000,0x0000000703fb1fb8,0x000000070ab00000)
 Metaspace       used 82424K, committed 84288K, reserved 1179648K
  class space    used 11340K, committed 12224K, reserved 1048576K
}
Event: 7.479 GC heap before
{Heap before GC invocations=17 (full 3):
 PSYoungGen      total 119808K, used 106032K [0x00000007aab00000, 0x00000007b6d00000, 0x0000000800000000)
  eden space 98304K, 100% used [0x00000007aab00000,0x00000007b0b00000,0x00000007b0b00000)
  from space 21504K, 35% used [0x00000007b0b00000,0x00000007b128c2b8,0x00000007b2000000)
  to   space 20480K, 0% used [0x00000007b5900000,0x00000007b5900000,0x00000007b6d00000)
 ParOldGen       total 175104K, used 65223K [0x0000000700000000, 0x000000070ab00000, 0x00000007aab00000)
  object space 175104K, 37% used [0x0000000700000000,0x0000000703fb1fb8,0x000000070ab00000)
 Metaspace       used 90920K, committed 92800K, reserved 1179648K
  class space    used 12506K, committed 13440K, reserved 1048576K
}
Event: 7.484 GC heap after
{Heap after GC invocations=17 (full 3):
 PSYoungGen      total 177152K, used 8482K [0x00000007aab00000, 0x00000007b6c00000, 0x0000000800000000)
  eden space 157696K, 0% used [0x00000007aab00000,0x00000007aab00000,0x00000007b4500000)
  from space 19456K, 43% used [0x00000007b5900000,0x00000007b6148970,0x00000007b6c00000)
  to   space 19968K, 0% used [0x00000007b4500000,0x00000007b4500000,0x00000007b5880000)
 ParOldGen       total 175104K, used 72643K [0x0000000700000000, 0x000000070ab00000, 0x00000007aab00000)
  object space 175104K, 41% used [0x0000000700000000,0x00000007046f0de0,0x000000070ab00000)
 Metaspace       used 90920K, committed 92800K, reserved 1179648K
  class space    used 12506K, committed 13440K, reserved 1048576K
}
Event: 8.192 GC heap before
{Heap before GC invocations=18 (full 3):
 PSYoungGen      total 177152K, used 114711K [0x00000007aab00000, 0x00000007b6c00000, 0x0000000800000000)
  eden space 157696K, 67% used [0x00000007aab00000,0x00000007b12bd4b8,0x00000007b4500000)
  from space 19456K, 43% used [0x00000007b5900000,0x00000007b6148970,0x00000007b6c00000)
  to   space 19968K, 0% used [0x00000007b4500000,0x00000007b4500000,0x00000007b5880000)
 ParOldGen       total 175104K, used 72643K [0x0000000700000000, 0x000000070ab00000, 0x00000007aab00000)
  object space 175104K, 41% used [0x0000000700000000,0x00000007046f0de0,0x000000070ab00000)
 Metaspace       used 97816K, committed 99648K, reserved 1179648K
  class space    used 13441K, committed 14336K, reserved 1048576K
}
Event: 8.198 GC heap after
{Heap after GC invocations=18 (full 3):
 PSYoungGen      total 164352K, used 6650K [0x00000007aab00000, 0x00000007b6a00000, 0x0000000800000000)
  eden space 157696K, 0% used [0x00000007aab00000,0x00000007aab00000,0x00000007b4500000)
  from space 6656K, 99% used [0x00000007b4500000,0x00000007b4b7e930,0x00000007b4b80000)
  to   space 18944K, 0% used [0x00000007b5780000,0x00000007b5780000,0x00000007b6a00000)
 ParOldGen       total 175104K, used 80949K [0x0000000700000000, 0x000000070ab00000, 0x00000007aab00000)
  object space 175104K, 46% used [0x0000000700000000,0x0000000704f0d520,0x000000070ab00000)
 Metaspace       used 97816K, committed 99648K, reserved 1179648K
  class space    used 13441K, committed 14336K, reserved 1048576K
}
Event: 8.198 GC heap before
{Heap before GC invocations=19 (full 4):
 PSYoungGen      total 164352K, used 6650K [0x00000007aab00000, 0x00000007b6a00000, 0x0000000800000000)
  eden space 157696K, 0% used [0x00000007aab00000,0x00000007aab00000,0x00000007b4500000)
  from space 6656K, 99% used [0x00000007b4500000,0x00000007b4b7e930,0x00000007b4b80000)
  to   space 18944K, 0% used [0x00000007b5780000,0x00000007b5780000,0x00000007b6a00000)
 ParOldGen       total 175104K, used 80949K [0x0000000700000000, 0x000000070ab00000, 0x00000007aab00000)
  object space 175104K, 46% used [0x0000000700000000,0x0000000704f0d520,0x000000070ab00000)
 Metaspace       used 97816K, committed 99648K, reserved 1179648K
  class space    used 13441K, committed 14336K, reserved 1048576K
}
Event: 8.267 GC heap after
{Heap after GC invocations=19 (full 4):
 PSYoungGen      total 164352K, used 0K [0x00000007aab00000, 0x00000007b6a00000, 0x0000000800000000)
  eden space 157696K, 0% used [0x00000007aab00000,0x00000007aab00000,0x00000007b4500000)
  from space 6656K, 0% used [0x00000007b4500000,0x00000007b4500000,0x00000007b4b80000)
  to   space 18944K, 0% used [0x00000007b5780000,0x00000007b5780000,0x00000007b6a00000)
 ParOldGen       total 175104K, used 82870K [0x0000000700000000, 0x000000070ab00000, 0x00000007aab00000)
  object space 175104K, 47% used [0x0000000700000000,0x00000007050ed958,0x000000070ab00000)
 Metaspace       used 97816K, committed 99648K, reserved 1179648K
  class space    used 13441K, committed 14336K, reserved 1048576K
}
Event: 9.567 GC heap before
{Heap before GC invocations=20 (full 4):
 PSYoungGen      total 164352K, used 157696K [0x00000007aab00000, 0x00000007b6a00000, 0x0000000800000000)
  eden space 157696K, 100% used [0x00000007aab00000,0x00000007b4500000,0x00000007b4500000)
  from space 6656K, 0% used [0x00000007b4500000,0x00000007b4500000,0x00000007b4b80000)
  to   space 18944K, 0% used [0x00000007b5780000,0x00000007b5780000,0x00000007b6a00000)
 ParOldGen       total 175104K, used 82870K [0x0000000700000000, 0x000000070ab00000, 0x00000007aab00000)
  object space 175104K, 47% used [0x0000000700000000,0x00000007050ed958,0x000000070ab00000)
 Metaspace       used 109327K, committed 111424K, reserved 1179648K
  class space    used 15301K, committed 16320K, reserved 1048576K
}
Event: 9.571 GC heap after
{Heap after GC invocations=20 (full 4):
 PSYoungGen      total 165376K, used 7588K [0x00000007aab00000, 0x00000007b6400000, 0x0000000800000000)
  eden space 152576K, 0% used [0x00000007aab00000,0x00000007aab00000,0x00000007b4000000)
  from space 12800K, 59% used [0x00000007b5780000,0x00000007b5ee91c0,0x00000007b6400000)
  to   space 18432K, 0% used [0x00000007b4000000,0x00000007b4000000,0x00000007b5200000)
 ParOldGen       total 175104K, used 82878K [0x0000000700000000, 0x000000070ab00000, 0x00000007aab00000)
  object space 175104K, 47% used [0x0000000700000000,0x00000007050ef958,0x000000070ab00000)
 Metaspace       used 109327K, committed 111424K, reserved 1179648K
  class space    used 15301K, committed 16320K, reserved 1048576K
}

Dll operation events (3 events):
Event: 0.051 Loaded shared library D:\Android Studio\jbr\bin\java.dll
Event: 0.054 Loaded shared library D:\Android Studio\jbr\bin\zip.dll
Event: 0.372 Loaded shared library D:\Android Studio\jbr\bin\verify.dll

Deoptimization events (20 events):
Event: 9.744 Thread 0x00000257e11d8030 Uncommon trap: trap_request=0xffffffc6 fr.pc=0x00000257c8d4f194 relative=0x0000000000000154
Event: 9.744 Thread 0x00000257e11d8030 Uncommon trap: reason=bimorphic_or_optimized_type_check action=maybe_recompile pc=0x00000257c8d4f194 method=java.util.Collections$UnmodifiableList.get(I)Ljava/lang/Object; @ 5 c2
Event: 9.744 Thread 0x00000257e11d8030 DEOPT PACKING pc=0x00000257c8d4f194 sp=0x000000f4b4bf77f0
Event: 9.744 Thread 0x00000257e11d8030 DEOPT UNPACKING pc=0x00000257c8293aa2 sp=0x000000f4b4bf7788 mode 2
Event: 9.744 Thread 0x00000257e11d8030 Uncommon trap: trap_request=0xffffffc6 fr.pc=0x00000257c8d4f194 relative=0x0000000000000154
Event: 9.744 Thread 0x00000257e11d8030 Uncommon trap: reason=bimorphic_or_optimized_type_check action=maybe_recompile pc=0x00000257c8d4f194 method=java.util.Collections$UnmodifiableList.get(I)Ljava/lang/Object; @ 5 c2
Event: 9.744 Thread 0x00000257e11d8030 DEOPT PACKING pc=0x00000257c8d4f194 sp=0x000000f4b4bf77f0
Event: 9.744 Thread 0x00000257e11d8030 DEOPT UNPACKING pc=0x00000257c8293aa2 sp=0x000000f4b4bf7788 mode 2
Event: 9.745 Thread 0x00000257e11d8030 Uncommon trap: trap_request=0xffffffc6 fr.pc=0x00000257c8d4f194 relative=0x0000000000000154
Event: 9.745 Thread 0x00000257e11d8030 Uncommon trap: reason=bimorphic_or_optimized_type_check action=maybe_recompile pc=0x00000257c8d4f194 method=java.util.Collections$UnmodifiableList.get(I)Ljava/lang/Object; @ 5 c2
Event: 9.745 Thread 0x00000257e11d8030 DEOPT PACKING pc=0x00000257c8d4f194 sp=0x000000f4b4bf7ae0
Event: 9.745 Thread 0x00000257e11d8030 DEOPT UNPACKING pc=0x00000257c8293aa2 sp=0x000000f4b4bf7a78 mode 2
Event: 9.748 Thread 0x00000257e11d8030 Uncommon trap: trap_request=0xffffffc6 fr.pc=0x00000257c8d4f194 relative=0x0000000000000154
Event: 9.748 Thread 0x00000257e11d8030 Uncommon trap: reason=bimorphic_or_optimized_type_check action=maybe_recompile pc=0x00000257c8d4f194 method=java.util.Collections$UnmodifiableList.get(I)Ljava/lang/Object; @ 5 c2
Event: 9.748 Thread 0x00000257e11d8030 DEOPT PACKING pc=0x00000257c8d4f194 sp=0x000000f4b4bf78d0
Event: 9.748 Thread 0x00000257e11d8030 DEOPT UNPACKING pc=0x00000257c8293aa2 sp=0x000000f4b4bf7868 mode 2
Event: 9.867 Thread 0x00000257e11d8030 Uncommon trap: trap_request=0xffffff45 fr.pc=0x00000257c887a354 relative=0x0000000000000214
Event: 9.867 Thread 0x00000257e11d8030 Uncommon trap: reason=unstable_if action=reinterpret pc=0x00000257c887a354 method=jdk.internal.org.objectweb.asm.Type.getTypeInternal(Ljava/lang/String;II)Ljdk/internal/org/objectweb/asm/Type; @ 5 c2
Event: 9.867 Thread 0x00000257e11d8030 DEOPT PACKING pc=0x00000257c887a354 sp=0x000000f4b4bf7720
Event: 9.867 Thread 0x00000257e11d8030 DEOPT UNPACKING pc=0x00000257c8293aa2 sp=0x000000f4b4bf76b8 mode 2

Classes loaded (20 events):
Event: 9.895 Loading class com/sun/org/apache/xerces/internal/parsers/AbstractSAXParser$AttributesProxy done
Event: 9.897 Loading class org/xml/sax/ext/EntityResolver2
Event: 9.897 Loading class org/xml/sax/ext/EntityResolver2 done
Event: 9.897 Loading class com/sun/org/apache/xerces/internal/util/EntityResolverWrapper
Event: 9.897 Loading class com/sun/org/apache/xerces/internal/util/EntityResolverWrapper done
Event: 9.897 Loading class com/sun/org/apache/xerces/internal/impl/ExternalSubsetResolver
Event: 9.897 Loading class com/sun/org/apache/xerces/internal/impl/ExternalSubsetResolver done
Event: 9.897 Loading class com/sun/org/apache/xerces/internal/util/ErrorHandlerWrapper
Event: 9.897 Loading class com/sun/org/apache/xerces/internal/xni/parser/XMLErrorHandler
Event: 9.897 Loading class com/sun/org/apache/xerces/internal/xni/parser/XMLErrorHandler done
Event: 9.897 Loading class com/sun/org/apache/xerces/internal/util/ErrorHandlerWrapper done
Event: 9.897 Loading class com/sun/org/apache/xerces/internal/xni/parser/XMLInputSource
Event: 9.898 Loading class com/sun/org/apache/xerces/internal/xni/parser/XMLInputSource done
Event: 9.898 Loading class com/sun/org/apache/xerces/internal/utils/XMLLimitAnalyzer
Event: 9.898 Loading class com/sun/org/apache/xerces/internal/utils/XMLLimitAnalyzer done
Event: 9.898 Loading class com/sun/org/apache/xerces/internal/impl/XMLEntityManager$RewindableInputStream
Event: 9.898 Loading class com/sun/org/apache/xerces/internal/impl/XMLEntityManager$RewindableInputStream done
Event: 9.898 Loading class com/sun/org/apache/xerces/internal/impl/XMLEntityManager$EncodingInfo
Event: 9.898 Loading class com/sun/org/apache/xerces/internal/impl/XMLEntityManager$EncodingInfo done
Event: 9.898 Loading class com/sun/org/apache/xerces/internal/impl/io/UTF8Reader

Classes unloaded (0 events):
No events

Classes redefined (0 events):
No events

Internal exceptions (20 events):
Event: 8.830 Thread 0x00000257e11d8030 Exception <a 'java/lang/ClassNotFoundException'{0x00000007af2ed0b0}: com/android/build/gradle/internal/api/ApkVariantOutputImplBeanInfo> (0x00000007af2ed0b0) 
thrown [s\src\hotspot\share\classfile\systemDictionary.cpp, line 312]
Event: 8.831 Thread 0x00000257e11d8030 Exception <a 'java/lang/ClassNotFoundException'{0x00000007af2fb610}: com/android/build/gradle/internal/api/BaseVariantOutputImplBeanInfo> (0x00000007af2fb610) 
thrown [s\src\hotspot\share\classfile\systemDictionary.cpp, line 312]
Event: 8.831 Thread 0x00000257e11d8030 Exception <a 'java/lang/ClassNotFoundException'{0x00000007af309b50}: com/android/build/gradle/internal/api/BaseVariantOutputImplCustomizer> (0x00000007af309b50) 
thrown [s\src\hotspot\share\classfile\systemDictionary.cpp, line 312]
Event: 8.833 Thread 0x00000257e11d8030 Exception <a 'java/lang/ClassNotFoundException'{0x00000007af32b350}: com/android/build/gradle/internal/api/ApkVariantOutputImplCustomizer> (0x00000007af32b350) 
thrown [s\src\hotspot\share\classfile\systemDictionary.cpp, line 312]
Event: 8.834 Thread 0x00000257e11d8030 Exception <a 'java/lang/ClassNotFoundException'{0x00000007af347f70}: com/android/build/gradle/internal/api/ApkVariantOutputImpl_DecoratedCustomizer> (0x00000007af347f70) 
thrown [s\src\hotspot\share\classfile\systemDictionary.cpp, line 312]
Event: 8.882 Thread 0x00000257e11d8030 Exception <a 'java/lang/ClassNotFoundException'{0x00000007afa13f68}: com/android/build/gradle/internal/api/ReadOnlyBuildTypeBeanInfo> (0x00000007afa13f68) 
thrown [s\src\hotspot\share\classfile\systemDictionary.cpp, line 312]
Event: 8.882 Thread 0x00000257e11d8030 Exception <a 'java/lang/ClassNotFoundException'{0x00000007afa22450}: com/android/build/gradle/internal/api/ReadOnlyBaseConfigBeanInfo> (0x00000007afa22450) 
thrown [s\src\hotspot\share\classfile\systemDictionary.cpp, line 312]
Event: 8.883 Thread 0x00000257e11d8030 Exception <a 'java/lang/ClassNotFoundException'{0x00000007afa30950}: com/android/build/gradle/internal/api/ReadOnlyBaseConfigCustomizer> (0x00000007afa30950) 
thrown [s\src\hotspot\share\classfile\systemDictionary.cpp, line 312]
Event: 8.883 Thread 0x00000257e11d8030 Exception <a 'java/lang/ClassNotFoundException'{0x00000007afa4fdc8}: com/android/build/gradle/internal/api/ReadOnlyBuildTypeCustomizer> (0x00000007afa4fdc8) 
thrown [s\src\hotspot\share\classfile\systemDictionary.cpp, line 312]
Event: 9.346 Thread 0x00000257e11d8030 Implicit null exception at 0x00000257c8e34479 to 0x00000257c8e34c3c
Event: 9.346 Thread 0x00000257e11d8030 Implicit null exception at 0x00000257c89144ea to 0x00000257c891459c
Event: 9.347 Thread 0x00000257e11d8030 Implicit null exception at 0x00000257c8e34479 to 0x00000257c8e34c3c
Event: 9.348 Thread 0x00000257e11d8030 Implicit null exception at 0x00000257c8e34479 to 0x00000257c8e34c3c
Event: 9.348 Thread 0x00000257e11d8030 Implicit null exception at 0x00000257c8e34479 to 0x00000257c8e34c3c
Event: 9.523 Thread 0x00000257e11d8030 Exception <a 'java/lang/IncompatibleClassChangeError'{0x00000007b3f8bb50}: Found class java.lang.Object, but interface was expected> (0x00000007b3f8bb50) 
thrown [s\src\hotspot\share\interpreter\linkResolver.cpp, line 851]
Event: 9.560 Thread 0x00000257e11d8030 Exception <a 'sun/nio/fs/WindowsException'{0x00000007b442bb38}> (0x00000007b442bb38) 
thrown [s\src\hotspot\share\prims\jni.cpp, line 537]
Event: 9.560 Thread 0x00000257e11d8030 Exception <a 'sun/nio/fs/WindowsException'{0x00000007b442d218}> (0x00000007b442d218) 
thrown [s\src\hotspot\share\prims\jni.cpp, line 537]
Event: 9.560 Thread 0x00000257e11d8030 Exception <a 'sun/nio/fs/WindowsException'{0x00000007b442e948}> (0x00000007b442e948) 
thrown [s\src\hotspot\share\prims\jni.cpp, line 537]
Event: 9.560 Thread 0x00000257e11d8030 Exception <a 'sun/nio/fs/WindowsException'{0x00000007b4430078}> (0x00000007b4430078) 
thrown [s\src\hotspot\share\prims\jni.cpp, line 537]
Event: 9.659 Thread 0x00000257e11d8030 Exception <a 'java/lang/NullPointerException'{0x00000007ab5e5660}> (0x00000007ab5e5660) 
thrown [s\src\hotspot\share\interpreter\linkResolver.cpp, line 1471]

ZGC Phase Switch (0 events):
No events

VM Operations (20 events):
Event: 8.654 Executing VM operation: ICBufferFull
Event: 8.654 Executing VM operation: ICBufferFull done
Event: 8.918 Executing VM operation: HandshakeAllThreads (Deoptimize)
Event: 8.918 Executing VM operation: HandshakeAllThreads (Deoptimize) done
Event: 8.968 Executing VM operation: ICBufferFull
Event: 8.968 Executing VM operation: ICBufferFull done
Event: 9.023 Executing VM operation: HandshakeAllThreads (Deoptimize)
Event: 9.023 Executing VM operation: HandshakeAllThreads (Deoptimize) done
Event: 9.269 Executing VM operation: ICBufferFull
Event: 9.269 Executing VM operation: ICBufferFull done
Event: 9.407 Executing VM operation: HandshakeAllThreads (Deoptimize)
Event: 9.407 Executing VM operation: HandshakeAllThreads (Deoptimize) done
Event: 9.407 Executing VM operation: ICBufferFull
Event: 9.407 Executing VM operation: ICBufferFull done
Event: 9.567 Executing VM operation: ParallelGCFailedAllocation (Allocation Failure)
Event: 9.571 Executing VM operation: ParallelGCFailedAllocation (Allocation Failure) done
Event: 9.688 Executing VM operation: HandshakeAllThreads (Deoptimize)
Event: 9.688 Executing VM operation: HandshakeAllThreads (Deoptimize) done
Event: 9.883 Executing VM operation: HandshakeAllThreads (Deoptimize)
Event: 9.883 Executing VM operation: HandshakeAllThreads (Deoptimize) done

Memory protections (0 events):
No events

Nmethod flushes (20 events):
Event: 8.226 Thread 0x00000257de130ae0 flushing  nmethod 0x00000257c139f490
Event: 8.226 Thread 0x00000257de130ae0 flushing  nmethod 0x00000257c13add90
Event: 8.226 Thread 0x00000257de130ae0 flushing  nmethod 0x00000257c13af190
Event: 8.226 Thread 0x00000257de130ae0 flushing  nmethod 0x00000257c13bf090
Event: 8.226 Thread 0x00000257de130ae0 flushing  nmethod 0x00000257c13c0890
Event: 8.226 Thread 0x00000257de130ae0 flushing  nmethod 0x00000257c13c1010
Event: 8.226 Thread 0x00000257de130ae0 flushing  nmethod 0x00000257c13c1e10
Event: 8.226 Thread 0x00000257de130ae0 flushing  nmethod 0x00000257c13c5310
Event: 8.226 Thread 0x00000257de130ae0 flushing  nmethod 0x00000257c13c6410
Event: 8.226 Thread 0x00000257de130ae0 flushing  nmethod 0x00000257c13c8c90
Event: 8.226 Thread 0x00000257de130ae0 flushing  nmethod 0x00000257c13ca210
Event: 8.226 Thread 0x00000257de130ae0 flushing  nmethod 0x00000257c13cba90
Event: 8.226 Thread 0x00000257de130ae0 flushing  nmethod 0x00000257c13fa010
Event: 8.226 Thread 0x00000257de130ae0 flushing  nmethod 0x00000257c13fc810
Event: 8.226 Thread 0x00000257de130ae0 flushing  nmethod 0x00000257c13fce10
Event: 8.226 Thread 0x00000257de130ae0 flushing  nmethod 0x00000257c13fd990
Event: 8.226 Thread 0x00000257de130ae0 flushing  nmethod 0x00000257c1459210
Event: 8.226 Thread 0x00000257de130ae0 flushing  nmethod 0x00000257c1470f90
Event: 8.226 Thread 0x00000257de130ae0 flushing  nmethod 0x00000257c14a0590
Event: 8.226 Thread 0x00000257de130ae0 flushing  nmethod 0x00000257c14a1290

Events (20 events):
Event: 2.273 Thread 0x00000257e11d8030 Thread added: 0x00000257e391b6b0
Event: 2.437 Thread 0x00000257e11d8030 Thread added: 0x00000257e391bd40
Event: 2.440 Thread 0x00000257e11d8030 Thread added: 0x00000257e391eb30
Event: 2.511 Thread 0x00000257e11d8030 Thread added: 0x00000257e391d780
Event: 2.554 Thread 0x00000257e11d8030 Thread added: 0x00000257e391e4a0
Event: 2.717 Thread 0x00000257e11d8030 Thread added: 0x00000257e391c3d0
Event: 2.749 Thread 0x00000257e11d8030 Thread added: 0x00000257e3921fb0
Event: 4.764 Thread 0x00000257e11d8030 Thread added: 0x00000257e3920570
Event: 4.764 Thread 0x00000257e11d8030 Thread added: 0x00000257e3920c00
Event: 4.764 Thread 0x00000257e11d8030 Thread added: 0x00000257e3921920
Event: 4.764 Thread 0x00000257e11d8030 Thread added: 0x00000257e3921290
Event: 4.764 Thread 0x00000257e11d8030 Thread added: 0x00000257e3922640
Event: 4.764 Thread 0x00000257e11d8030 Thread added: 0x00000257e63a28b0
Event: 4.764 Thread 0x00000257e11d8030 Thread added: 0x00000257e63a0e70
Event: 4.827 Thread 0x00000257e11d8030 Thread added: 0x00000257e63a56a0
Event: 5.741 Thread 0x00000257de4c6120 Thread exited: 0x00000257de4c6120
Event: 5.766 Thread 0x00000257e11d8030 Thread added: 0x00000257e63a5010
Event: 5.837 Thread 0x00000257de4f7750 Thread added: 0x00000257e13906a0
Event: 6.222 Thread 0x00000257e11d8030 Thread added: 0x00000257e63a3c60
Event: 7.131 Thread 0x00000257e11d8030 Thread added: 0x00000257e63a7e00


Dynamic libraries:
0x00007ff786fc0000 - 0x00007ff786fca000 	D:\Android Studio\jbr\bin\java.exe
0x00007fffac290000 - 0x00007fffac488000 	C:\Windows\SYSTEM32\ntdll.dll
0x00007fffaba90000 - 0x00007fffabb4d000 	C:\Windows\System32\KERNEL32.DLL
0x00007fffa9b60000 - 0x00007fffa9e56000 	C:\Windows\System32\KERNELBASE.dll
0x00007fffa9f80000 - 0x00007fffaa080000 	C:\Windows\System32\ucrtbase.dll
0x00007fff8f870000 - 0x00007fff8f88b000 	D:\Android Studio\jbr\bin\VCRUNTIME140.dll
0x00007fff8b9f0000 - 0x00007fff8ba08000 	D:\Android Studio\jbr\bin\jli.dll
0x00007fffaab80000 - 0x00007fffaad1f000 	C:\Windows\System32\USER32.dll
0x00007fff90e90000 - 0x00007fff9112a000 	C:\Windows\WinSxS\amd64_microsoft.windows.common-controls_6595b64144ccf1df_6.0.19041.3636_none_60b6a03d71f818d5\COMCTL32.dll
0x00007fffa9940000 - 0x00007fffa9962000 	C:\Windows\System32\win32u.dll
0x00007fffabcc0000 - 0x00007fffabceb000 	C:\Windows\System32\GDI32.dll
0x00007fffabc10000 - 0x00007fffabcae000 	C:\Windows\System32\msvcrt.dll
0x00007fffaa1a0000 - 0x00007fffaa2b7000 	C:\Windows\System32\gdi32full.dll
0x00007fffaa100000 - 0x00007fffaa19d000 	C:\Windows\System32\msvcp_win.dll
0x00007fffaba50000 - 0x00007fffaba82000 	C:\Windows\System32\IMM32.DLL
0x00007fff928e0000 - 0x00007fff928ec000 	D:\Android Studio\jbr\bin\vcruntime140_1.dll
0x00007fff64610000 - 0x00007fff6469d000 	D:\Android Studio\jbr\bin\msvcp140.dll
0x00007fff265c0000 - 0x00007fff27256000 	D:\Android Studio\jbr\bin\server\jvm.dll
0x00007fffaaad0000 - 0x00007fffaab80000 	C:\Windows\System32\ADVAPI32.dll
0x00007fffaa800000 - 0x00007fffaa8a0000 	C:\Windows\System32\sechost.dll
0x00007fffab550000 - 0x00007fffab673000 	C:\Windows\System32\RPCRT4.dll
0x00007fffaa080000 - 0x00007fffaa0a7000 	C:\Windows\System32\bcrypt.dll
0x00007fffab980000 - 0x00007fffab9eb000 	C:\Windows\System32\WS2_32.dll
0x00007fffa8e90000 - 0x00007fffa8edb000 	C:\Windows\SYSTEM32\POWRPROF.dll
0x00007fffa8030000 - 0x00007fffa803a000 	C:\Windows\SYSTEM32\VERSION.dll
0x00007fffa01a0000 - 0x00007fffa01c7000 	C:\Windows\SYSTEM32\WINMM.dll
0x00007fffa8d00000 - 0x00007fffa8d12000 	C:\Windows\SYSTEM32\UMPDC.dll
0x00007fffa8140000 - 0x00007fffa8152000 	C:\Windows\SYSTEM32\kernel.appcore.dll
0x00007fff912d0000 - 0x00007fff912da000 	D:\Android Studio\jbr\bin\jimage.dll
0x00007fffa1020000 - 0x00007fffa1204000 	C:\Windows\SYSTEM32\DBGHELP.DLL
0x00007fff98ca0000 - 0x00007fff98cd4000 	C:\Windows\SYSTEM32\dbgcore.DLL
0x00007fffa9ad0000 - 0x00007fffa9b52000 	C:\Windows\System32\bcryptPrimitives.dll
0x00007fff6d920000 - 0x00007fff6d92e000 	D:\Android Studio\jbr\bin\instrument.dll
0x00007fff85d20000 - 0x00007fff85d40000 	D:\Android Studio\jbr\bin\java.dll
0x00007fff6d8e0000 - 0x00007fff6d8f8000 	D:\Android Studio\jbr\bin\zip.dll
0x00007fffaad20000 - 0x00007fffab48b000 	C:\Windows\System32\SHELL32.dll
0x00007fffa7890000 - 0x00007fffa802e000 	C:\Windows\SYSTEM32\windows.storage.dll
0x00007fffabcf0000 - 0x00007fffac043000 	C:\Windows\System32\combase.dll
0x00007fffa9290000 - 0x00007fffa92be000 	C:\Windows\SYSTEM32\Wldp.dll
0x00007fffab8b0000 - 0x00007fffab97d000 	C:\Windows\System32\OLEAUT32.dll
0x00007fffaa2c0000 - 0x00007fffaa36d000 	C:\Windows\System32\SHCORE.dll
0x00007fffabbb0000 - 0x00007fffabc05000 	C:\Windows\System32\shlwapi.dll
0x00007fffa9870000 - 0x00007fffa9893000 	C:\Windows\SYSTEM32\profapi.dll
0x00007fff8d270000 - 0x00007fff8d280000 	D:\Android Studio\jbr\bin\net.dll
0x00007fffa3800000 - 0x00007fffa390a000 	C:\Windows\SYSTEM32\WINHTTP.dll
0x00007fffa9070000 - 0x00007fffa90da000 	C:\Windows\system32\mswsock.dll
0x00007fff6d140000 - 0x00007fff6d156000 	D:\Android Studio\jbr\bin\nio.dll
0x00007fff82a50000 - 0x00007fff82a60000 	D:\Android Studio\jbr\bin\verify.dll
0x00007fff6d110000 - 0x00007fff6d137000 	C:\Users\User\.gradle\native\660c5614fbf4a5f2a75b1949f50a0caf5cd603558e7d8a26e50b933a0cfb79d1\windows-amd64\native-platform.dll
0x00007fff6a050000 - 0x00007fff6a0c7000 	C:\Users\User\.gradle\native\0.2.8\x86_64-windows-gnu\gradle-fileevents.dll
0x00007fff85d10000 - 0x00007fff85d19000 	D:\Android Studio\jbr\bin\management.dll
0x00007fff83120000 - 0x00007fff8312b000 	D:\Android Studio\jbr\bin\management_ext.dll
0x00007fffab540000 - 0x00007fffab548000 	C:\Windows\System32\PSAPI.DLL
0x00007fffa8d20000 - 0x00007fffa8d5b000 	C:\Windows\SYSTEM32\IPHLPAPI.DLL
0x00007fffabcb0000 - 0x00007fffabcb8000 	C:\Windows\System32\NSI.dll
0x00007fff827e0000 - 0x00007fff827e9000 	D:\Android Studio\jbr\bin\extnet.dll
0x00007fffa92d0000 - 0x00007fffa92e8000 	C:\Windows\SYSTEM32\CRYPTSP.dll
0x00007fffa8940000 - 0x00007fffa8974000 	C:\Windows\system32\rsaenh.dll
0x00007fffa97f0000 - 0x00007fffa981e000 	C:\Windows\SYSTEM32\USERENV.dll
0x00007fffa9200000 - 0x00007fffa920c000 	C:\Windows\SYSTEM32\CRYPTBASE.dll
0x00007fff6ceb0000 - 0x00007fff6ceb7000 	C:\Windows\system32\wshunix.dll
0x00007fff6a170000 - 0x00007fff6a187000 	C:\Windows\system32\napinsp.dll
0x00007fff6a150000 - 0x00007fff6a16b000 	C:\Windows\system32\pnrpnsp.dll
0x00007fff8dee0000 - 0x00007fff8def5000 	C:\Windows\system32\wshbth.dll
0x00007fffa6760000 - 0x00007fffa677d000 	C:\Windows\system32\NLAapi.dll
0x00007fffa8d60000 - 0x00007fffa8e2b000 	C:\Windows\SYSTEM32\DNSAPI.dll
0x00007fff6a130000 - 0x00007fff6a142000 	C:\Windows\System32\winrnr.dll
0x00007fff8d2b0000 - 0x00007fff8d2ba000 	C:\Windows\System32\rasadhlp.dll
0x00007fffa2450000 - 0x00007fffa24d0000 	C:\Windows\System32\fwpuclnt.dll

JVMTI agents:
C:\Users\User\.gradle\wrapper\dists\gradle-9.5.0-bin\bvnork1r7n8i6kp5cnkibsc9q\gradle-9.5.0\lib\agents\gradle-instrumentation-agent-9.5.0.jar path:D:\Android Studio\jbr\bin\instrument.dll, loaded, initialized, instrumentlib options:none

dbghelp: loaded successfully - version: 4.0.5 - missing functions: none
symbol engine: initialized successfully - sym options: 0x614 - pdb path: .;D:\Android Studio\jbr\bin;C:\Windows\SYSTEM32;C:\Windows\WinSxS\amd64_microsoft.windows.common-controls_6595b64144ccf1df_6.0.19041.3636_none_60b6a03d71f818d5;D:\Android Studio\jbr\bin\server;C:\Users\User\.gradle\native\660c5614fbf4a5f2a75b1949f50a0caf5cd603558e7d8a26e50b933a0cfb79d1\windows-amd64;C:\Users\User\.gradle\native\0.2.8\x86_64-windows-gnu

VM Arguments:
jvm_args: --add-opens=java.base/java.lang=ALL-UNNAMED --add-opens=java.base/java.lang.invoke=ALL-UNNAMED --add-opens=java.base/java.util=ALL-UNNAMED --add-opens=java.prefs/java.util.prefs=ALL-UNNAMED --add-exports=jdk.compiler/com.sun.tools.javac.api=ALL-UNNAMED --add-exports=jdk.compiler/com.sun.tools.javac.util=ALL-UNNAMED --add-opens=java.base/java.nio.charset=ALL-UNNAMED --add-opens=java.base/java.net=ALL-UNNAMED --add-opens=java.base/java.util.concurrent=ALL-UNNAMED --add-opens=java.base/java.util.concurrent.atomic=ALL-UNNAMED --add-opens=java.xml/javax.xml.namespace=ALL-UNNAMED --add-opens=java.base/java.time=ALL-UNNAMED -XX:+UseParallelGC -Xmx4096m -Dfile.encoding=UTF-8 -Duser.country=RU -Duser.language=ru -Duser.variant -javaagent:C:\Users\User\.gradle\wrapper\dists\gradle-9.5.0-bin\bvnork1r7n8i6kp5cnkibsc9q\gradle-9.5.0\lib\agents\gradle-instrumentation-agent-9.5.0.jar 
java_command: org.gradle.launcher.daemon.bootstrap.GradleDaemon 9.5.0
java_class_path (initial): C:\Users\User\.gradle\wrapper\dists\gradle-9.5.0-bin\bvnork1r7n8i6kp5cnkibsc9q\gradle-9.5.0\lib\gradle-daemon-main-9.5.0.jar
Launcher Type: SUN_STANDARD

[Global flags]
     intx CICompilerCount                          = 4                                         {product} {ergonomic}
   size_t InitialHeapSize                          = 268435456                                 {product} {ergonomic}
   size_t MaxHeapSize                              = 4294967296                                {product} {command line}
   size_t MaxNewSize                               = 1431306240                                {product} {ergonomic}
   size_t MinHeapDeltaBytes                        = 524288                                    {product} {ergonomic}
   size_t MinHeapSize                              = 8388608                                   {product} {ergonomic}
   size_t NewSize                                  = 89128960                                  {product} {ergonomic}
    uintx NonNMethodCodeHeapSize                   = 5839372                                {pd product} {ergonomic}
    uintx NonProfiledCodeHeapSize                  = 122909434                              {pd product} {ergonomic}
   size_t OldSize                                  = 179306496                                 {product} {ergonomic}
    uintx ProfiledCodeHeapSize                     = 122909434                              {pd product} {ergonomic}
    uintx ReservedCodeCacheSize                    = 251658240                              {pd product} {ergonomic}
     bool SegmentedCodeCache                       = true                                      {product} {ergonomic}
   size_t SoftMaxHeapSize                          = 4294967296                             {manageable} {ergonomic}
     bool UseCompressedOops                        = true                           {product lp64_product} {ergonomic}
     bool UseLargePagesIndividualAllocation        = false                                  {pd product} {ergonomic}
     bool UseParallelGC                            = true                                      {product} {command line}

Logging:
Log output configuration:
 #0: stdout all=warning uptime,level,tags foldmultilines=false
 #1: stderr all=off uptime,level,tags foldmultilines=false

Environment Variables:
JAVA_HOME=D:\Android Studio\jbr
PATH=C:\Program Files\Eclipse Adoptium\jdk-25.0.3.9-hotspot\bin;C:\Program Files\Eclipse Adoptium\jdk-17.0.17.10-hotspot\bin;C:\ProgramData\Oracle\Java\javapath;C:\Windows\system32;C:\Windows;C:\Windows\System32\Wbem;C:\Windows\System32\WindowsPowerShell\v1.0\;C:\Windows\System32\OpenSSH\;C:\Program Files\7-Zip;C:\Program Files\WireGuard\;C:\Program Files\dotnet\;D:\JS\;C:\Program Files\Docker\Docker\resources\bin;C:\Program Files\Microsoft SQL Server\170\Tools\Binn\;C:\Program Files\Microsoft SQL Server\Client SDK\ODBC\170\Tools\Binn\;D:\src\flutter\bin;C:\Program Files\Git\cmd;C:\Program Files\Eclipse Adoptium\jdk-17.0.17.10-hotspot\bin;C:\ProgramData\Oracle\Java\javapath;C:\Windows\system32;C:\Windows;C:\Windows\System32\Wbem;C:\Windows\System32\WindowsPowerShell\v1.0\;C:\Windows\System32\OpenSSH\;C:\Program Files\7-Zip;C:\Program Files\WireGuard\;C:\Program Files\dotnet\;D:\JS\;C:\Program Files\Docker\Docker\resources\bin;C:\Program Files\Microsoft SQL Server\170\Tools\Binn\;C:\Program Files\Microsoft SQL Server\Client SDK\ODBC\170\Tools\Binn\;C:\Program Files\Eclipse Adoptium\jdk-17.0.17.10-hotspot\bin;C:\ProgramData\Oracle\Java\javapath;C:\Windows\system32;C:\Windows;C:\Windows\System32\Wbem;C:\Windows\System32\WindowsPowerShell\v1.0\;C:\Windows\System32\OpenSSH\;C:\Program Files\7-Zip;C:\Program Files\WireGuard\;C:\Program Files\dotnet\;D:\JS\;C:\Program Files\Docker\Docker\resources\bin;C:\Program Files\Microsoft SQL Server\170\Tools\Binn\;C:\Program Files\Microsoft SQL Server\Client SDK\ODBC\170\Tools\Binn\;C:\Program Files\Git\cmd;C:\Users\User\.cargo\bin;C:\Users\User\AppData\Local\Microsoft\WindowsApps;C:\Program Files\JetBrains\PyCharm Community Edition 2022.3.2\bin;C:\Users\User\AppData\Local\Programs\cursor\resources\app\bin;C:\Users\User\.lmstudio\bin;D:\VS_CODE\bin;C:\Users\User\AppData\Roaming\npm;C:\Users\User\AppData\Local\Python\bin;C:\Users\User\.dotnet\tools;C:\Users\User\AppData\Local\Android\Sdk\ndk\30.0.15729638;C:\Users\User\AppData\Local\Android\Sdk\platform-tools;
USERNAME=User
OS=Windows_NT
PROCESSOR_IDENTIFIER=Intel64 Family 6 Model 158 Stepping 9, GenuineIntel
TMP=C:\Users\User\AppData\Local\Temp
TEMP=C:\Users\User\AppData\Local\Temp




Periodic native trim disabled

JNI global refs:
JNI global refs: 26, weak refs: 0

JNI global refs memory usage: 835, weak refs: 833

Process memory usage:
Resident Set Size: 560800K (3% of 16736020K total physical memory with 10002924K free physical memory)

OOME stack traces (most recent first):
Classloader memory used:
Loader org.gradle.internal.classloader.VisitableURLClassLoader                         : 42734K
Loader org.gradle.internal.classloader.VisitableURLClassLoader$InstrumentingVisitableURLClassLoader: 30738K
Loader bootstrap                                                                       : 27756K
Loader org.gradle.initialization.MixInLegacyTypesClassLoader                           : 10880K
Loader org.gradle.internal.classloader.VisitableURLClassLoader                         : 307K
Loader jdk.internal.loader.ClassLoaders$AppClassLoader                                 : 189K
Loader jdk.internal.loader.ClassLoaders$PlatformClassLoader                            : 181K
Loader jdk.internal.reflect.DelegatingClassLoader                                      : 179K

Classes loaded by more than one classloader:
Class Program                                                                         : loaded 5 times (x 72B)
Class Build_gradle                                                                    : loaded 3 times (x 126B)
Class com.google.common.collect.RegularImmutableMap$KeySet                            : loaded 2 times (x 150B)
Class org.gradle.internal.classloader.FilteringClassLoader                            : loaded 2 times (x 105B)
Class [Lcom.google.common.base.AbstractIterator$State;                                : loaded 2 times (x 69B)
Class com.google.common.base.CharMatcher$IsEither                                     : loaded 2 times (x 111B)
Class org.gradle.internal.classloader.ClassLoaderHierarchy                            : loaded 2 times (x 70B)
Class com.google.common.collect.ImmutableEnumSet                                      : loaded 2 times (x 146B)
Class com.google.common.util.concurrent.ExecutionError                                : loaded 2 times (x 82B)
Class com.google.common.collect.ImmutableList$1                                       : loaded 2 times (x 97B)
Class com.google.common.collect.RegularImmutableMap                                   : loaded 2 times (x 121B)
Class com.google.common.collect.ImmutableMap$MapViewOfValuesAsSingletonSets           : loaded 2 times (x 125B)
Class [Lorg.objectweb.asm.Symbol;                                                     : loaded 2 times (x 69B)
Class org.objectweb.asm.ClassVisitor                                                  : loaded 2 times (x 88B)
Class com.google.common.collect.UnmodifiableListIterator                              : loaded 2 times (x 95B)
Class org.objectweb.asm.MethodTooLargeException                                       : loaded 2 times (x 83B)
Class [Lcom.google.common.cache.CacheBuilder$OneWeigher;                              : loaded 2 times (x 69B)
Class com.google.common.base.Suppliers                                                : loaded 2 times (x 71B)
Class com.google.common.base.Platform$JdkPatternCompiler                              : loaded 2 times (x 75B)
Class org.gradle.internal.classloader.DefaultClassLoaderFactory                       : loaded 2 times (x 82B)
Class com.google.common.base.CharMatcher$None                                         : loaded 2 times (x 112B)
Class [Lcom.google.common.collect.ImmutableMapEntry;                                  : loaded 2 times (x 69B)
Class com.google.common.collect.ImmutableRangeSet                                     : loaded 2 times (x 115B)
Class com.google.common.collect.ImmutableEnumMap                                      : loaded 2 times (x 125B)
Class com.google.common.collect.ListMultimap                                          : loaded 2 times (x 70B)
Class com.google.common.collect.Sets$1                                                : loaded 2 times (x 139B)
Class org.objectweb.asm.AnnotationVisitor                                             : loaded 2 times (x 78B)
Class com.google.common.base.Splitter                                                 : loaded 2 times (x 72B)
Class org.gradle.api.internal.DefaultClassPathProvider                                : loaded 2 times (x 76B)
Class com.google.common.collect.Sets$2                                                : loaded 2 times (x 139B)
Class [Lorg.gradle.api.internal.ClassPathProvider;                                    : loaded 2 times (x 69B)
Class org.gradle.api.internal.ClassPathProvider                                       : loaded 2 times (x 70B)
Class [Lorg.objectweb.asm.AnnotationVisitor;                                          : loaded 2 times (x 69B)
Class com.google.common.collect.Sets$3                                                : loaded 2 times (x 139B)
Class com.google.common.cache.LocalCache$LocalLoadingCache                            : loaded 2 times (x 134B)
Class com.google.common.base.AbstractIterator$State                                   : loaded 2 times (x 79B)
Class org.gradle.internal.service.UnknownServiceException                             : loaded 2 times (x 83B)
Class com.google.common.collect.Sets$4                                                : loaded 2 times (x 139B)
Class org.objectweb.asm.ModuleVisitor                                                 : loaded 2 times (x 81B)
Class com.google.common.cache.LocalCache$Strength$1                                   : loaded 2 times (x 81B)
Class com.google.common.util.concurrent.SettableFuture                                : loaded 2 times (x 114B)
Class com.google.common.cache.LocalCache$Strength$2                                   : loaded 2 times (x 81B)
Class com.google.common.cache.LocalCache$Strength$3                                   : loaded 2 times (x 81B)
Class com.google.common.collect.MapDifference                                         : loaded 2 times (x 70B)
Class com.google.common.base.Splitter$1                                               : loaded 2 times (x 77B)
Class org.objectweb.asm.FieldWriter                                                   : loaded 2 times (x 78B)
Class com.google.common.cache.CacheBuilder$NullListener                               : loaded 2 times (x 82B)
Class org.gradle.internal.classpath.TransformedClassPath                              : loaded 2 times (x 96B)
Class org.gradle.internal.classloader.InstrumentingClassLoader                        : loaded 2 times (x 70B)
Class com.google.common.collect.ImmutableRangeSet$AsSet                               : loaded 2 times (x 299B)
Class com.google.common.cache.CacheLoader$FunctionToCacheLoader                       : loaded 2 times (x 75B)
Class com.google.common.collect.Iterators$ArrayItr                                    : loaded 2 times (x 97B)
Class com.google.common.collect.ImmutableCollection$Builder                           : loaded 2 times (x 76B)
Class com.google.common.base.Joiner                                                   : loaded 2 times (x 79B)
Class com.google.common.base.MoreObjects                                              : loaded 2 times (x 71B)
Class com.google.common.base.Equivalence$Identity                                     : loaded 2 times (x 82B)
Class com.google.common.collect.Platform                                              : loaded 2 times (x 71B)
Class com.google.common.collect.UnmodifiableIterator                                  : loaded 2 times (x 80B)
Class org.gradle.internal.service.ServiceLocator                                      : loaded 2 times (x 70B)
Class com.google.common.collect.SingletonImmutableBiMap                               : loaded 2 times (x 143B)
Class com.google.common.base.Ascii                                                    : loaded 2 times (x 71B)
Class com.google.common.cache.LocalCache$1                                            : loaded 2 times (x 89B)
Class com.google.common.collect.AbstractMapEntry                                      : loaded 2 times (x 81B)
Class com.google.common.collect.Sets$ImprovedAbstractSet                              : loaded 2 times (x 135B)
Class com.google.common.collect.ImmutableList$Builder                                 : loaded 2 times (x 77B)
Class com.google.common.cache.LocalCache$2                                            : loaded 2 times (x 142B)
Class com.google.common.collect.AbstractMultimap                                      : loaded 2 times (x 123B)
Class com.google.common.collect.ImmutableRangeSet$1                                   : loaded 2 times (x 209B)
Class com.google.common.collect.RegularImmutableAsList                                : loaded 2 times (x 216B)
Class com.google.common.collect.Range                                                 : loaded 2 times (x 87B)
Class com.google.common.util.concurrent.AbstractFuture$Trusted                        : loaded 2 times (x 70B)
Class com.google.common.collect.Iterators                                             : loaded 2 times (x 71B)
Class com.google.common.util.concurrent.UncheckedExecutionException                   : loaded 2 times (x 82B)
Class com.google.common.collect.Lists$StringAsImmutableList                           : loaded 2 times (x 207B)
Class org.gradle.kotlin.dsl.VersionCatalogAccessorsKt                                 : loaded 2 times (x 71B)
Class com.google.common.collect.AbstractMapBasedMultimap$KeySet$1                     : loaded 2 times (x 82B)
Class org.objectweb.asm.ClassWriter                                                   : loaded 2 times (x 106B)
Class com.google.common.cache.CacheLoader$UnsupportedLoadingOperationException        : loaded 2 times (x 82B)
Class com.google.common.base.CharMatcher$And                                          : loaded 2 times (x 112B)
Class com.google.common.base.Objects                                                  : loaded 2 times (x 71B)
Class org.objectweb.asm.FieldVisitor                                                  : loaded 2 times (x 77B)
Class com.google.common.collect.IndexedImmutableSet                                   : loaded 2 times (x 150B)
Class com.google.common.collect.ImmutableMap$1                                        : loaded 2 times (x 81B)
Class com.google.common.collect.BiMap                                                 : loaded 2 times (x 70B)
Class org.gradle.api.internal.classpath.DefaultModuleRegistry$DefaultModule           : loaded 2 times (x 82B)
Class com.google.common.primitives.Ints                                               : loaded 2 times (x 71B)
Class com.google.common.collect.AbstractIterator                                      : loaded 2 times (x 82B)
Class com.google.common.math.MathPreconditions                                        : loaded 2 times (x 71B)
Class com.google.common.collect.Multiset                                              : loaded 2 times (x 70B)
Class com.google.common.collect.ArrayListMultimapGwtSerializationDependencies         : loaded 2 times (x 172B)
Class com.google.common.collect.ObjectArrays                                          : loaded 2 times (x 71B)
Class com.google.common.collect.AbstractIndexedListIterator                           : loaded 2 times (x 96B)
Class com.google.common.collect.ImmutableMapEntrySet                                  : loaded 2 times (x 151B)
Class org.gradle.api.internal.classpath.Module                                        : loaded 2 times (x 70B)
Class com.google.common.cache.Weigher                                                 : loaded 2 times (x 70B)
Class org.gradle.api.internal.classpath.UnknownModuleException                        : loaded 2 times (x 82B)
Class com.google.common.base.Stopwatch                                                : loaded 2 times (x 72B)
Class com.google.common.cache.LocalCache$Strength                                     : loaded 2 times (x 81B)
Class com.google.common.cache.Cache                                                   : loaded 2 times (x 70B)
Class com.google.common.util.concurrent.AbstractFuture$Cancellation                   : loaded 2 times (x 72B)
Class com.google.common.collect.ImmutableMap$Builder                                  : loaded 2 times (x 82B)
Class com.google.common.base.NullnessCasts                                            : loaded 2 times (x 71B)
Class com.google.common.cache.RemovalListener                                         : loaded 2 times (x 70B)
Class org.gradle.api.internal.DefaultClassPathRegistry                                : loaded 2 times (x 76B)
Class com.google.common.primitives.IntsMethodsForWeb                                  : loaded 2 times (x 71B)
Class com.google.common.collect.Multimap                                              : loaded 2 times (x 70B)
Class org.gradle.internal.classpath.DefaultClassPath$ImmutableUniqueList              : loaded 2 times (x 199B)
Class org.gradle.api.internal.ClassPathRegistry                                       : loaded 2 times (x 70B)
Class com.google.common.base.ExtraObjectsMethodsForWeb                                : loaded 2 times (x 71B)
Class [Lorg.objectweb.asm.Type;                                                       : loaded 2 times (x 69B)
Class com.google.common.cache.CacheBuilder                                            : loaded 2 times (x 72B)
Class com.google.common.collect.SingletonImmutableList                                : loaded 2 times (x 207B)
Class Settings_gradle$1                                                               : loaded 2 times (x 74B)
Class org.gradle.internal.classpath.ClassPath                                         : loaded 2 times (x 70B)
Class com.google.common.collect.ImmutableList$ReverseImmutableList                    : loaded 2 times (x 208B)
Class com.google.common.base.JdkPattern                                               : loaded 2 times (x 75B)
Class org.objectweb.asm.SymbolTable$Entry                                             : loaded 2 times (x 74B)
Class org.gradle.api.internal.classpath.DefaultModuleRegistry$DefaultModuleAlias      : loaded 2 times (x 80B)
Class org.objectweb.asm.Edge                                                          : loaded 2 times (x 72B)
Class com.google.common.base.Suppliers$SupplierOfInstance                             : loaded 2 times (x 79B)
Class com.google.common.collect.Iterators$1                                           : loaded 2 times (x 81B)
Class com.google.common.cache.LocalCache$ComputingValueReference                      : loaded 2 times (x 96B)
Class com.google.common.collect.SingletonImmutableSet                                 : loaded 2 times (x 146B)
Class com.google.common.collect.ImmutableMap$IteratorBasedImmutableMap                : loaded 2 times (x 125B)
Class com.google.common.cache.LocalCache$Segment                                      : loaded 2 times (x 154B)
Class com.google.common.collect.SortedIterable                                        : loaded 2 times (x 70B)
Class [Lorg.objectweb.asm.SymbolTable$Entry;                                          : loaded 2 times (x 69B)
Class com.google.common.cache.CacheLoader                                             : loaded 2 times (x 74B)
Class com.google.common.collect.Iterators$4                                           : loaded 2 times (x 82B)
Class com.google.common.collect.ImmutableBiMap                                        : loaded 2 times (x 143B)
Class com.google.common.collect.AbstractListMultimap                                  : loaded 2 times (x 172B)
Class org.gradle.api.internal.classpath.ModuleRegistry                                : loaded 2 times (x 70B)
Class org.gradle.internal.installation.GradleInstallation$1                           : loaded 2 times (x 75B)
Class com.google.common.util.concurrent.internal.InternalFutureFailureAccess          : loaded 2 times (x 72B)
Class com.google.common.collect.Iterators$5                                           : loaded 2 times (x 82B)
Class com.google.common.collect.ImmutableSet$JdkBackedSetBuilderImpl                  : loaded 2 times (x 76B)
Class com.google.common.base.Splitter$SplittingIterator                               : loaded 2 times (x 84B)
Class com.google.common.cache.LocalCache$LocalManualCache$1                           : loaded 2 times (x 75B)
Class com.google.common.base.CharMatcher$ForPredicate                                 : loaded 2 times (x 112B)
Class com.google.common.collect.ImmutableCollection                                   : loaded 2 times (x 125B)
Class com.google.common.base.CharMatcher$AnyOf                                        : loaded 2 times (x 112B)
Class org.gradle.api.internal.classpath.DefaultModuleRegistry                         : loaded 2 times (x 84B)
Class com.google.common.util.concurrent.ListenableFuture                              : loaded 2 times (x 70B)
Class com.google.common.cache.ReferenceEntry                                          : loaded 2 times (x 70B)
Class com.google.common.collect.ImmutableSet$CachingAsList                            : loaded 2 times (x 147B)
Class com.google.common.base.Converter                                                : loaded 2 times (x 90B)
Class com.google.common.collect.Lists                                                 : loaded 2 times (x 71B)
Class com.google.common.util.concurrent.AbstractFuture                                : loaded 2 times (x 106B)
Class com.google.common.base.FunctionalEquivalence                                    : loaded 2 times (x 83B)
Class com.google.common.collect.Iterators$9                                           : loaded 2 times (x 81B)
Class com.google.common.collect.AbstractMapBasedMultimap                              : loaded 2 times (x 139B)
Class com.google.common.collect.ImmutableAsList                                       : loaded 2 times (x 209B)
Class org.objectweb.asm.RecordComponentVisitor                                        : loaded 2 times (x 77B)
Class com.google.common.cache.CacheLoader$SupplierToCacheLoader                       : loaded 2 times (x 75B)
Class org.gradle.internal.service.ServiceLookupException                              : loaded 2 times (x 82B)
Class com.google.common.collect.ImmutableSortedSet                                    : loaded 2 times (x 299B)
Class [Lcom.google.common.cache.LocalCache$EntryFactory;                              : loaded 2 times (x 69B)
Class org.gradle.internal.classloader.ClassLoaderFactory                              : loaded 2 times (x 70B)
Class com.google.common.cache.LocalCache$LocalManualCache                             : loaded 2 times (x 99B)
Class com.google.common.base.CharMatcher$IsNot                                        : loaded 2 times (x 111B)
Class com.google.common.base.CommonPattern                                            : loaded 2 times (x 74B)
Class org.gradle.internal.service.CachingServiceLocator                               : loaded 2 times (x 82B)
Class com.google.common.collect.AbstractMapBasedMultimap$KeySet                       : loaded 2 times (x 137B)
Class com.google.common.collect.RegularImmutableSortedSet                             : loaded 2 times (x 299B)
Class com.google.common.math.IntMath                                                  : loaded 2 times (x 71B)
Class com.google.common.collect.ImmutableMapEntry                                     : loaded 2 times (x 85B)
Class com.google.common.base.Equivalence                                              : loaded 2 times (x 82B)
Class com.google.common.collect.ImmutableMapEntry$NonTerminalImmutableMapEntry        : loaded 2 times (x 85B)
Class com.google.common.base.Function                                                 : loaded 2 times (x 70B)
Class com.google.common.collect.IndexedImmutableSet$1                                 : loaded 2 times (x 212B)
Class com.google.common.cache.CacheBuilder$OneWeigher                                 : loaded 2 times (x 82B)
Class com.google.common.collect.RegularImmutableList                                  : loaded 2 times (x 212B)
Class org.gradle.internal.classloader.ClasspathUtil                                   : loaded 2 times (x 71B)
Class com.google.common.util.concurrent.Uninterruptibles                              : loaded 2 times (x 71B)
Class com.google.common.collect.Maps                                                  : loaded 2 times (x 71B)
Class org.gradle.api.specs.Spec                                                       : loaded 2 times (x 70B)
Class [Lcom.google.common.collect.ImmutableEntry;                                     : loaded 2 times (x 69B)
Class com.google.common.cache.LocalCache$LoadingValueReference                        : loaded 2 times (x 96B)
Class com.google.common.base.Platform                                                 : loaded 2 times (x 71B)
Class [Lorg.objectweb.asm.AnnotationWriter;                                           : loaded 2 times (x 69B)
Class com.google.common.collect.Maps$8                                                : loaded 2 times (x 82B)
Class com.google.common.collect.ImmutableRangeSet$Builder                             : loaded 2 times (x 77B)
Class com.google.common.collect.Sets$SetView                                          : loaded 2 times (x 138B)
Class com.google.common.cache.LocalCache$StrongValueReference                         : loaded 2 times (x 90B)
Class org.objectweb.asm.Type                                                          : loaded 2 times (x 72B)
Class org.gradle.internal.classloader.VisitableURLClassLoader$InstrumentingVisitableURLClassLoader: loaded 2 times (x 123B)
Class org.objectweb.asm.ByteVector                                                    : loaded 2 times (x 79B)
Class [Lcom.google.common.cache.CacheBuilder$NullListener;                            : loaded 2 times (x 69B)
Class com.google.common.math.IntMath$1                                                : loaded 2 times (x 71B)
Class org.gradle.internal.classloader.VisitableURLClassLoader$Spec                    : loaded 2 times (x 74B)
Class org.gradle.internal.classpath.DefaultClassPath                                  : loaded 2 times (x 90B)
Class org.objectweb.asm.Symbol                                                        : loaded 2 times (x 73B)
Class com.google.common.base.AbstractIterator                                         : loaded 2 times (x 80B)
Class com.google.common.collect.RegularImmutableMap$Values                            : loaded 2 times (x 207B)
Class com.google.common.collect.ImmutableSet                                          : loaded 2 times (x 145B)
Class com.google.common.base.CharMatcher$BitSetMatcher                                : loaded 2 times (x 112B)
Class org.gradle.internal.classloader.ClassLoaderSpec                                 : loaded 2 times (x 71B)
Class org.objectweb.asm.AnnotationWriter                                              : loaded 2 times (x 79B)
Class com.google.common.cache.CacheStats                                              : loaded 2 times (x 71B)
Class org.objectweb.asm.RecordComponentWriter                                         : loaded 2 times (x 78B)
Class com.google.common.util.concurrent.AbstractFuture$Listener                       : loaded 2 times (x 72B)
Class com.google.common.base.CharMatcher$Or                                           : loaded 2 times (x 112B)
Class Settings_gradle$1$1                                                             : loaded 2 times (x 74B)
Class org.gradle.api.internal.classpath.Module$ModuleAlias                            : loaded 2 times (x 70B)
Class org.objectweb.asm.Attribute                                                     : loaded 2 times (x 77B)
Class com.google.common.base.Supplier                                                 : loaded 2 times (x 70B)
Class org.gradle.internal.classloader.VisitableURLClassLoader                         : loaded 2 times (x 117B)
Class Settings_gradle                                                                 : loaded 2 times (x 124B)
Class org.gradle.internal.Cast                                                        : loaded 2 times (x 71B)
Class org.gradle.api.Action                                                           : loaded 2 times (x 70B)
Class com.google.common.collect.Sets                                                  : loaded 2 times (x 71B)
Class org.objectweb.asm.Handler                                                       : loaded 2 times (x 72B)
Class com.google.common.base.Ticker                                                   : loaded 2 times (x 72B)
Class com.google.common.base.Strings                                                  : loaded 2 times (x 71B)
Class com.google.common.base.CharMatcher$FastMatcher                                  : loaded 2 times (x 111B)
Class [Lcom.google.common.cache.LocalCache$Segment;                                   : loaded 2 times (x 69B)
Class [Lcom.google.common.cache.LocalCache$Strength;                                  : loaded 2 times (x 69B)
Class com.google.common.cache.CacheBuilder$1                                          : loaded 2 times (x 85B)
Class com.google.common.collect.ImmutableMap                                          : loaded 2 times (x 120B)
Class com.google.common.base.Predicate                                                : loaded 2 times (x 70B)
Class org.gradle.internal.classpath.DefaultClassPath$ImmutableUniqueList$Builder      : loaded 2 times (x 75B)
Class com.google.common.collect.AbstractRangeSet                                      : loaded 2 times (x 114B)
Class com.google.common.cache.LocalCache                                              : loaded 2 times (x 187B)
Class com.google.common.cache.CacheBuilder$2                                          : loaded 2 times (x 72B)
Class com.google.common.base.CharMatcher$NegatedFastMatcher                           : loaded 2 times (x 113B)
Class [Lcom.google.common.collect.AbstractMapEntry;                                   : loaded 2 times (x 69B)
Class com.google.common.collect.ImmutableEntry                                        : loaded 2 times (x 82B)
Class com.google.common.collect.ArrayListMultimap                                     : loaded 2 times (x 172B)
Class org.gradle.api.GradleException                                                  : loaded 2 times (x 82B)
Class com.google.common.collect.CollectPreconditions                                  : loaded 2 times (x 71B)
Class com.google.common.collect.SortedMapDifference                                   : loaded 2 times (x 70B)
Class com.google.common.cache.LocalCache$EntryFactory                                 : loaded 2 times (x 83B)
Class com.google.common.cache.LocalCache$AbstractReferenceEntry                       : loaded 2 times (x 107B)
Class com.google.common.base.CharMatcher$Whitespace                                   : loaded 2 times (x 112B)
Class org.gradle.internal.IoActions                                                   : loaded 2 times (x 71B)
Class com.google.common.collect.ImmutableRangeSet$ComplementRanges                    : loaded 2 times (x 207B)
Class org.objectweb.asm.SymbolTable                                                   : loaded 2 times (x 72B)
Class com.google.common.cache.CacheLoader$InvalidCacheLoadException                   : loaded 2 times (x 82B)
Class com.google.common.collect.ImmutableSet$RegularSetBuilderImpl                    : loaded 2 times (x 77B)
Class com.google.common.cache.LocalCache$StrongEntry                                  : loaded 2 times (x 108B)
Class com.google.common.util.concurrent.AbstractFuture$TrustedFuture                  : loaded 2 times (x 114B)
Class com.google.common.cache.LoadingCache                                            : loaded 2 times (x 70B)
Class org.objectweb.asm.MethodWriter                                                  : loaded 2 times (x 106B)
Class [Lcom.google.common.cache.Weigher;                                              : loaded 2 times (x 69B)
Class com.google.common.collect.RegularImmutableMap$BucketOverflowException           : loaded 2 times (x 82B)
Class com.google.common.collect.RegularImmutableBiMap                                 : loaded 2 times (x 148B)
Class com.google.common.cache.LocalCache$ValueReference                               : loaded 2 times (x 70B)
Class com.google.common.base.CharMatcher$Negated                                      : loaded 2 times (x 113B)
Class com.google.common.base.CharMatcher$Is                                           : loaded 2 times (x 111B)
Class com.google.common.util.concurrent.AbstractFuture$Failure                        : loaded 2 times (x 72B)
Class com.google.common.base.Equivalence$Equals                                       : loaded 2 times (x 82B)
Class com.google.common.collect.Hashing                                               : loaded 2 times (x 71B)
Class com.google.common.base.PatternCompiler                                          : loaded 2 times (x 70B)
Class com.google.common.base.Preconditions                                            : loaded 2 times (x 71B)
Class com.google.common.base.Joiner$1                                                 : loaded 2 times (x 80B)
Class org.objectweb.asm.Label                                                         : loaded 2 times (x 73B)
Class org.objectweb.asm.CurrentFrame                                                  : loaded 2 times (x 73B)
Class org.objectweb.asm.ClassTooLargeException                                        : loaded 2 times (x 83B)
Class com.google.common.collect.PeekingIterator                                       : loaded 2 times (x 70B)
Class com.google.common.base.CharMatcher                                              : loaded 2 times (x 111B)
Class com.google.common.collect.RangeGwtSerializationDependencies                     : loaded 2 times (x 71B)
Class com.google.common.base.Joiner$2                                                 : loaded 2 times (x 79B)
Class org.objectweb.asm.Frame                                                         : loaded 2 times (x 73B)
Class org.objectweb.asm.MethodVisitor                                                 : loaded 2 times (x 105B)
Class com.google.common.cache.LocalCache$EntryFactory$1                               : loaded 2 times (x 83B)
Class [Lcom.google.common.cache.RemovalListener;                                      : loaded 2 times (x 69B)
Class com.google.common.base.CharMatcher$1                                            : loaded 2 times (x 113B)
Class com.google.common.base.CharMatcher$NamedFastMatcher                             : loaded 2 times (x 112B)
Class com.google.common.collect.RangeSet                                              : loaded 2 times (x 70B)
Class com.google.common.cache.LocalCache$EntryFactory$2                               : loaded 2 times (x 83B)
Class com.google.common.collect.CollectCollectors                                     : loaded 2 times (x 71B)
Class org.objectweb.asm.ModuleWriter                                                  : loaded 2 times (x 82B)
Class com.google.common.cache.LocalCache$EntryFactory$3                               : loaded 2 times (x 83B)
Class com.google.common.base.Ticker$1                                                 : loaded 2 times (x 72B)
Class com.google.common.collect.ImmutableMapEntrySet$RegularEntrySet                  : loaded 2 times (x 151B)
Class com.google.common.collect.Maps$BiMapConverter                                   : loaded 2 times (x 90B)
Class com.google.common.cache.LocalCache$EntryFactory$4                               : loaded 2 times (x 83B)
Class com.google.common.collect.ImmutableSet$Builder                                  : loaded 2 times (x 85B)
Class com.google.common.base.CharMatcher$InRange                                      : loaded 2 times (x 111B)
Class com.google.common.cache.LocalCache$EntryFactory$5                               : loaded 2 times (x 83B)
Class com.google.common.base.PairwiseEquivalence                                      : loaded 2 times (x 83B)
Class com.google.common.cache.LocalCache$EntryFactory$6                               : loaded 2 times (x 83B)
Class org.gradle.internal.installation.CurrentGradleInstallationLocator               : loaded 2 times (x 71B)
Class com.google.common.collect.Maps$KeySet                                           : loaded 2 times (x 137B)
Class com.google.common.cache.LocalCache$EntryFactory$7                               : loaded 2 times (x 83B)
Class com.google.common.collect.ImmutableSet$EmptySetBuilderImpl                      : loaded 2 times (x 76B)
Class com.google.common.collect.ImmutableList                                         : loaded 2 times (x 206B)
Class org.gradle.internal.service.DefaultServiceLocator                               : loaded 2 times (x 83B)
Class com.google.common.cache.LocalCache$EntryFactory$8                               : loaded 2 times (x 83B)
Class com.google.common.collect.ImmutableSet$SetBuilderImpl                           : loaded 2 times (x 76B)
Class org.gradle.internal.installation.CurrentGradleInstallation                      : loaded 2 times (x 73B)
Class com.google.common.cache.CacheLoader$1                                           : loaded 2 times (x 75B)
Class com.google.common.collect.ImmutableList$SubList                                 : loaded 2 times (x 208B)
Class org.gradle.util.internal.GUtil                                                  : loaded 2 times (x 71B)
Class com.google.common.cache.AbstractCache$StatsCounter                              : loaded 2 times (x 70B)
Class com.google.common.collect.Iterators$MergingIterator                             : loaded 2 times (x 81B)
Class com.google.common.collect.RegularImmutableSet                                   : loaded 2 times (x 148B)
Class org.gradle.internal.installation.GradleInstallation                             : loaded 2 times (x 75B)
Class com.google.common.collect.Iterables                                             : loaded 2 times (x 71B)
Class com.google.common.base.Splitter$Strategy                                        : loaded 2 times (x 70B)

---------------  S Y S T E M  ---------------

OS:
 Windows 10 , 64 bit Build 19041 (10.0.19041.3636)
OS uptime: 0 days 3:41 hours
Hyper-V role detected

CPU: total 8 (initial active 8) (4 cores per cpu, 2 threads per core) family 6 model 158 stepping 9 microcode 0xb4, cx8, cmov, fxsr, ht, mmx, 3dnowpref, sse, sse2, sse3, ssse3, sse4.1, sse4.2, popcnt, lzcnt, tsc, tscinvbit, avx, avx2, aes, erms, clmul, bmi1, bmi2, rtm, adx, fma, vzeroupper, clflush, clflushopt, hv, rdtscp, f16c
Processor Information for the first 8 processors :
  Max Mhz: 3601, Current Mhz: 3601, Mhz Limit: 3601

Memory: 4k page, system-wide physical 16343M (9768M free)
TotalPageFile size 42967M (AvailPageFile size 32729M)
current process WorkingSet (physical memory assigned to process): 547M, peak: 554M
current process commit charge ("private bytes"): 797M, peak: 806M

vm_info: OpenJDK 64-Bit Server VM (21.0.8+-14196175-b1038.72) for windows-amd64 JRE (21.0.8+-14196175-b1038.72), built on 2025-10-01T10:24:33Z by "builder" with MS VC++ 16.10 / 16.11 (VS2019)

END.
